book_id,books,isbn,movies,imdb_id
16322,The A.B.C. Murders,1579126243,The Alphabet Murders,tt0060094
N/A,À ton image,N/A,À ton image,tt0307343
N/A,About Schmidt,N/A,About Schmidt,tt0257360
N/A,Across 110th,N/A,Across 110th Street,tt0068168
N/A,"Adam Resurrected (Man, Son of a Dog)",N/A,Adam Resurrected,tt0479341
N/A,The Adventures of Captain Alatriste (Las aventuras del Capitán Alatriste),N/A,Alatriste,tt0395119
8808,The Adventures of Hajji Baba of Ispahan,0486280233,The Adventures of Hajji Baba,tt0046683
2958,Adventures of Huckleberry Finn,0486443221,Huck and Tom,tt0009209
2958,Adventures of Huckleberry Finn,0486443221,Back to Hannibal: The Return of Tom Sawyer and Huckleberry Finn,tt0099087
2958,Adventures of Huckleberry Finn,0486443221,Tom and Huck,tt0112302
4465,The Adventures of Pinocchio,1842055062,Pinocchio in Outer Space,tt0186449
4465,The Adventures of Pinocchio,1842055062,Pinocchio and the Emperor of the Night,tt0093743
4465,The Adventures of Pinocchio,1842055062,964 Pinocchio,tt0225009
4465,The Adventures of Pinocchio,1842055062,Pinocchio's Revenge,tt0117342
4465,The Adventures of Pinocchio,1842055062,Geppetto,ch0028761
4465,The Adventures of Pinocchio,1842055062,A.I. Artificial Intelligence,tt0212720
4465,The Adventures of Pinocchio,1842055062,Pinocchio 3000,tt0332318
N/A,Advise and Consent,N/A,Advise & Consent,tt0055728
N/A,Aelita,N/A,Aelita,tt0014646
17803,"After Dark, My Sweet",0307265838,My Sweet,tt0244072
7830,After Hours,0679745394,Carlito's Way,tt0106519
7830,After the Funeral,0679745394,Murder at the Gallop,tt0057334
N/A,Aimez-vous Brahms?,N/A,Jahan Tum Le Chalo,tt0439641
N/A,Airport,N/A,Airport 1975,tt0071110
N/A,Airport,N/A,Airport '77,tt0075648
N/A,Airport,N/A,The Concorde ... Airport '79,tt0078740
N/A,Allan Quatermain,N/A,Allan Quatermain and the Lost City of Gold,tt0092534
N/A,All the Brothers Were Valiant,N/A,All the Brothers Were Valiant,tt0045494
N/A,All the Brothers Were Valiant,N/A,Across to Singapore,tt0018618
N/A,All You Need Is Kill,N/A,Edge of Tomorrow,tt1631867
N/A,Always Another Dawn,N/A,Always Another Dawn,tt0039147
N/A,"Always Outnumbered, Always Outgunned",N/A,Always Outnumbered,tt0146425
N/A,El Amante Bilingüe (The Bilingual Lover),N/A,El Amante Bilingüe,tt0106251
N/A,El Amateur (The Amateur),N/A,El Amateur,tt0202223
403,American Knees,0140119485,Americanese,tt0402763
20944,The Americanization of Emily,0978721004,The Americanization of Emily,tt0057840
403,Amerika,0140119485,Intervista,tt0093267
N/A,El Amor infiel (The Unfaithful Love),N/A,El Amor infiel,tt0190966
N/A,Amos Judd,N/A,The Young Rajah,tt0013802
N/A,Anatomy of a Murder,N/A,Anatomy of a Murder,tt0052561
N/A,And Now Tomorrow,N/A,And Now Tomorrow,tt0036599
16299,And Then There Were None,0312330871,Gumnaam,tt0247394
16299,And Then There Were None,0312330871,Desyat Negrityat,tt0092879
13337,The Anderson Tapes,014044209X,The Anderson Tapes,tt0066767
N/A,Andromeda: A Space-Age Tale,N/A,The Andromeda Nebula,tt0278781
N/A,Angel Square,N/A,Angel Square,tt0101348
N/A,Angélique,N/A,Marvelous Angelique,tt0058343
N/A,Angélique,N/A,Angelique and the King,tt0058909
N/A,Angélique,N/A,Untamable Angelique,tt0061819
N/A,Angélique,N/A,Angelique and the Sultan,tt0061357
N/A,Anglo-Saxon Attitudes,N/A,Anglo-Saxon Attitudes,tt0204136
N/A,Die Angst des Tormanns beim Elfmeter (The Goalkeeper's Fear of the Penalty),N/A,The Goalkeeper's Fear of the Penalty,tt0066773
N/A,Un animal doué de raison (A Sentient Animal),N/A,The Day of the Dolphin,tt0069946
151,Anna and the King of Siam,0143035002,Anna and the King,tt0166485
N/A,Anna to the Infinite Power,N/A,Anna to the Infinite Power,tt0085169
8127,Anne of Green Gables,0451528824,Anne of Green Gables: The Continuing Story,tt0158466
8127,Anne of Green Gables,0451528824,Anne of Green Gables: A New Beginning,tt1063034
N/A,Anthony Adverse,N/A,Anthony Adverse,tt0027300
N/A,Antikiller (Антикиллер),N/A,Antikiller,tt0325005
1752,Antonieta,0195143108,Antonieta,tt0083567
N/A,A Job for Jenny,N/A,Apartment for Peggy,tt0040104
4397,The Apocalypse Watch,0143039431,The Apocalypse Watch,tt0120027
N/A,The Apple Dumpling Gang,N/A,The Apple Dumpling Gang Rides Again,tt0078790
N/A,Ascenseur pour l'échafaud (Lift to the Scaffold),N/A,Elevator to the Gallows,tt0051378
N/A,Asking for Trouble,N/A,The Wedding Date,tt0372532
N/A,"The Assassination Bureau, Ltd",N/A,The Assassination Bureau,tt0064045
37811,The Assassination of Jesse James by the Coward Robert Ford,1565849426,The Assassination of Jesse James by the Coward Robert Ford,tt0443680
2535,The Astronauts,0156004011,First Spaceship on Venus,tt0053250
38414,The Auction Block,1841882542,The Auction Block,tt0016616
N/A,Away All Boats,N/A,Away All Boats,tt0048971
N/A,Babylon Babies,N/A,Babylon A.D.,tt0364970
N/A,Background to Danger,N/A,Background to Danger,tt0035659
N/A,"Baise-moi(1999),",N/A,Baise-moi,tt0249380
N/A,The Ballad of the Flim-Flam Man,N/A,The Flim-Flam Man,tt0061678
43328,Band of Angels,0006178731,Band of Angels,tt0050166
N/A,Bank Shot,N/A,Bank Shot,tt0071194
N/A,Banner in the Sky,N/A,Third Man on the Mountain,tt0053352
5160,The Barefoot Mailman,0375500723,The Barefoot Mailman,tt0043319
18628,The Battle of the Villa Fiorita,189238938X,The Battle of the Villa Fiorita,tt0058949
42694,Battle Royale,006075186X,Battle Royale II: Requiem,tt0338763
N/A,Be Cool,N/A,Be Cool,tt0377471
5219,The Beast Master,0452282195,The Beastmaster,tt0083630
5219,The Beast Master,0452282195,Beastmaster 2: Through the Portal of Time,tt0101412
5219,The Beast Master,0452282195,Beastmaster III: The Eye of Braxus,tt0112469
8084,Beau Geste,0060753102,Beau Hunks,tt0021646
8084,Beau Geste,0060753102,Follow That Camel,tt0061680
8084,Beau Geste,0060753102,The Last Remake of Beau Geste,tt0076297
N/A,Beer and Blood: The Story of a Couple o' Wrong Guys,N/A,The Public Enemy,tt0022286
N/A,Being There,N/A,Being There,tt0078841
N/A,Bel Ami,N/A,The Private Affairs of Bel Ami,tt0039735
N/A,Belli Moda (Silver Cloud),N/A,Belli Moda,tt0231246
N/A,Bellman and True,N/A,Bellman and True,tt0092636
43363,Benjamin Blake,0300101627,Son of Fury: The Story of Benjamin Blake,tt0035360
43363,Benjamin Blake,0300101627,Treasure of the Golden Condor,tt0046457
28417,La Bête humaine,2070418014,Human Desire,tt0047101
28417,La Bête humaine,2070418014,La Bestia humana,tt0201478
28417,La Bête humaine,2070418014,Cruel Train,tt0174564
408,The Betsy,0679722955,The Betsy,tt0077228
N/A,Beyond the Forest: The Story of a Man and Woman Destroyed by Love,N/A,Beyond the Forest,tt0041172
N/A,Beyond This Place,N/A,Web of Evidence,tt0052623
N/A,Beyond This Place,N/A,Poola Rangadu,tt0263879
N/A,Big Fish: A Novel of Mythic Proportions,N/A,Big Fish,tt0319061
826,The Big Sleep,0380816032,The Big Lebowski,tt0118715
N/A,Biggles,N/A,It Couldn't Happen Here,tt0093284
N/A,Billion-Dollar Brain,N/A,Billion Dollar Brain,tt0061405
N/A,Billy Bathgate,N/A,Billy Bathgate,tt0101453
N/A,The Bitter Tea of General Yen,N/A,The Bitter Tea of General Yen,tt0023814
15974,Black Narcissus,0452269865,Black Narcissus,tt0039192
6058,The Black Rose,1931541744,The Black Rose,tt0042256
7182,The Black Stallion,0140448926,The Black Stallion Returns,tt0085248
7182,The Black Stallion,0140448926,The Young Black Stallion,tt0318850
7182,The Blackboard Jungle,0140448926,Blackboard Jungle,tt0047885
333,The Blank Wall,0060733039,The Reckless Moment,tt0041786
N/A,Bless the Child,N/A,Bless the Child,tt0163983
39937,Blue Fin,0060882034,Blue Fin,tt0077249
3650,The Body Snatchers,0330488155,Invasion of the Pod People,tt1027698
1110,The Border Jumpers,0385340540,Man of the West,tt0051899
N/A,Boy on a Dolphin,N/A,Boy on a Dolphin,tt0050208
1110,The Bravados,0385340540,The Bravados,tt0051433
21491,The Brave Cowboy,0752851314,Lonely Are the Brave,tt0056195
N/A,The Brave Little Toaster: A Bedtime Story for Small Appliances,N/A,The Brave Little Toaster,tt0092695
N/A,The Brave Little Toaster: A Bedtime Story for Small Appliances,N/A,The Brave Little Toaster Goes to Mars,tt0147926
N/A,The Brave Little Toaster: A Bedtime Story for Small Appliances,N/A,The Brave Little Toaster to the Rescue,tt0163986
N/A,Breakfast with Scot,N/A,Breakfast with Scot,tt0910847
44933,Breaking Smith's Quarter Horse,0500281335,Smith!,tt0065003
3142,The Bride Wore Black,1860460585,The Bride Wore Black,tt0061955
826,The Bridges at Toko-Ri,0380816032,The Bridges at Toko-Ri,tt0046806
4144,Bringing Out the Dead,0099468239,Bringing Out the Dead,tt0163988
N/A,Brødre i Blodet (Brothers by Blood),N/A,Elling,tt0279064
N/A,Brødre i Blodet (Brothers by Blood),N/A,Elsk meg i morgen,tt0472767
N/A,Buddwing,N/A,Mister Buddwing,tt0059453
N/A,[[Louis L'Amour#Novels - The Burning Hills,N/A,The Burning Hills,tt0049036
N/A,But Gentlemen Marry Brunettes,N/A,Gentlemen Marry Brunettes,tt0048111
N/A,BUtterfield 8,N/A,BUtterfield 8,tt0053622
N/A,By the Great Horn Spoon!,N/A,The Adventures of Bullwhip Griffin,tt0061333
39625,Call for the Dead,0505525151,The Deadly Affair,tt0061556
N/A,Call It Treason,N/A,Decision Before Dawn,tt0043459
N/A,Captain Blood: His Odyssey,N/A,Fortunes of Captain Blood,tt0042474
N/A,Captain Blood: His Odyssey,N/A,Captain Pirate,tt0044475
N/A,Captain Blood: His Odyssey,N/A,The Son of Captain Blood,tt0054875
N/A,A Captive in the Land,N/A,A Captive in the Land,tt0099219
408,The Captives,0679722955,The Tall T,tt0051047
N/A,"Car, Boy, Girl",N/A,The Love Bug,tt0064603
N/A,"Car, Boy, Girl",N/A,Herbie Rides Again,tt0071607
N/A,"Car, Boy, Girl",N/A,Herbie Goes to Monte Carlo,tt0076137
N/A,"Car, Boy, Girl",N/A,Herbie: Fully Loaded,tt0400497
N/A,Carlito's Way,N/A,Carlito's Way: Rise to Power,tt0427038
1419,The Carpetbaggers,0517092948,Nevada Smith,tt0060748
N/A,La Casa de los Espíritus (The House of the Spirits),N/A,The House of the Spirits,tt0107151
7663,A Case of Need,0451210638,The Carey Treatment,tt0068337
N/A,Case File: FBI,N/A,Down Three Dark Streets,tt0046928
N/A,Car Chaser,N/A,Cat Chaser,tt0097028
2531,The Caveman's Valentine,0156028794,The Caveman's Valentine,tt0182000
13657,Changhen Ge,0441012248,Everlasting Regret,tt0475263
6310,Charlie and the Chocolate Factory,0142403881,Willy Wonka & the Chocolate Factory,tt0067992
1988,Charlie M,0670030775,Charlie Muffin,tt0078956
N/A,Chateau Bon Vivant,N/A,Snowball Express,tt0069291
1538,The Cheetah Girls,0451527844,The Cheetah Girls 2,tt0800318
1538,The Cheetah Girls,0451527844,The Cheetah Girls: One World,tt1013542
5359,The Children of Men,0385339089,Children of Men,tt0206634
8256,Christmas at Candleshoe,0064434877,Candleshoe,tt0075807
19313,Christmas Holiday,0140503447,Christmas Holiday,tt0036711
5322,The Christmas Shoes,0307989135,The Christmas Blessing,tt0756632
5322,The Christmas Shoes,0307989135,The Christmas Hope,tt1384926
16809,Christopher Strong,0816638632,Christopher Strong,tt0023891
3291,The Chronicles of Narnia,0743217187,The Chronicles of Narnia: Prince Caspian,tt0499448
3291,The Chronicles of Narnia,0743217187,The Chronicles of Narnia: The Voyage of the Dawn Treader,tt0980970
22026,The Cincinnati Kid,0345441702,The Cincinnati Kid,tt0059037
N/A,Cinderella Liberty,N/A,Cinderella Liberty,tt0069883
N/A,Cinq semaines en ballon (Five Weeks in a Balloon),N/A,Flight of the Lost Balloon,tt0054883
1684,The Circus of Dr. Lao,0679783199,7 Faces of Dr. Lao,tt0057812
N/A,Cirque Du Freak: The Saga of Darren Shan,N/A,Cirque du Freak: The Vampire's Assistant,tt0450405
1684,The City of Ember,0679783199,City of Ember,tt0970411
N/A,Ku Klux Klan Trilogy,N/A,The Fall of a Nation,tt0006664
N/A,El Club Dumas (The Club Dumas),N/A,The Ninth Gate,tt0142688
N/A,Cockfighter,N/A,Cockfighter,tt0071338
N/A,Cocoon,N/A,Cocoon: The Return,tt0094890
N/A,Coins in the Fountain,N/A,Coins in the Fountain,tt0099284
77,The Color of Money,0374522596,The Color of Money,tt0090863
1852,The Colors of the Day,0439227143,The Man Who Understood Women,tt0053043
N/A,Colossus,N/A,Colossus: The Forbin Project,tt0064177
44882,Comrades,0735611319,Bolshevism on Trial,tt0009950
N/A,Le comte de Monte Cristo (The Count of Monte Cristo),N/A,Mask of the Avenger,tt0043790
N/A,Le comte de Monte Cristo (The Count of Monte Cristo),N/A,The Treasure of Monte Cristo,tt0055544
N/A,Le comte de Monte Cristo (The Count of Monte Cristo),N/A,Padayottam,tt0215023
N/A,Le comte de Monte Cristo (The Count of Monte Cristo),N/A,Veta,tt0246313
N/A,[[Louis L'Amour#Novels - Conagher,N/A,Conagher,tt0101609
N/A,A Connecticut Yankee in King Arthur's Court,N/A,A Kid in King Arthur's Court,tt0113538
N/A,A Connecticut Yankee in King Arthur's Court,N/A,A Knight in Camelot,tt0176892
N/A,Coroner Creek,N/A,Coroner Creek,tt0040245
824,The Cowboys,0553383442,The Cowboys,tt0068421
N/A,Cutter and Bone,N/A,Cutter's Way,tt0082220
N/A,Cyborg,N/A,The Six Million Dollar Man,tt0070700
7673,Eaters of the Dead,0060891564,The 13th Warrior,tt0120657
N/A,Eddie and the Cruisers,N/A,Eddie and the Cruisers,tt0085475
N/A,Elephant Walk,N/A,Elephant Walk,tt0046951
6969,Emma,0141439580,Clueless,tt0112697
28942,Emotional Arithmetic,031227999X,Emotional Arithmetic,tt0861704
N/A,Los Enemigos de la Mujer,N/A,Enemies of Women,tt0014021
11932,The Enemy Below,1892391368,The Enemy Below,tt0050356
5359,The Entity,0385339089,The Entity,tt0082334
N/A,Escape to Witch Mountain,N/A,Return from Witch Mountain,tt0078158
N/A,Escape to Witch Mountain,N/A,Beyond Witch Mountain,tt0249397
N/A,Escape to Witch Mountain,N/A,Race to Witch Mountain,tt1075417
3072,The Evening Star,0374521026,The Evening Star,tt0116240
4583,Everything Is Illuminated,0060792175,Everything Is Illuminated,tt0404030
N/A,"Evil Come, Evil Go",N/A,The Yellow Canary,tt0057700
N/A,Executive Suite,N/A,Executive Suite,tt0046963
43799,Exit Wounds,0727853414,Exit Wounds,tt0242445
864,The Exorcist,0060887966,The Exorcist,tt0070047
864,The Exorcist,0060887966,Exorcist II: The Heretic,tt0076009
864,The Exorcist,0060887966,The Exorcist III,tt0099528
864,The Exorcist,0060887966,Exorcist: The Beginning,tt0204313
864,The Exorcist,0060887966,Dominion: Prequel to the Exorcist,tt0449086
23036,Experiment Perilous,0099285827,Experiment Perilous,tt0036807
278,The Fair Bride,1565842219,The Angel Wore Red,tt0053601
N/A,False Witness,N/A,False Witness,tt1090903
35258,Father of the Bride,0452273374,Father's Little Dividend,tt0043526
35258,Father of the Bride,0452273374,Father of the Bride Part II,tt0113041
7747,Fear and Loathing in Las Vegas,0007204493,Fear and Loathing in Las Vegas,tt0120669
34,The Fellowship of the Ring,0618346252,The Lord of the Rings: The Fellowship of the Ring,tt0120737
N/A,La Femme et le pantin (The Woman and the Puppet),N/A,That Obscure Object of Desire,tt0075824
28730,Fiddler's Green,0671878662,The Raging Tide,tt0043957
5759,Fight Club,0393327345,Fight Club,tt0137523
N/A,Firestarter,N/A,Firestarter: Rekindled,tt0297120
3532,First Blood,0974607894,First Blood,tt0083944
3532,First Blood,0974607894,Rambo: First Blood Part II,tt0089880
3532,First Blood,0974607894,Rambo III,tt0095956
3532,First Blood,0974607894,Rambo: Last Blood,tt1206885
3532,"First Love, Last Rites",0974607894,Schmetterlinge,tt0096052
26298,The First Men in the Moon,063502389X,A Trip to the Moon,tt0000417
1362,The First Wives Club,0140449086,The First Wives Club,tt0116313
N/A,Fletch,N/A,Fletch Lives,tt0097366
N/A,Fletch Won,N/A,Fletch Won,tt0275354
N/A,Flight of the Intruder,N/A,Flight of the Intruder,tt0099587
N/A,The Food of the Gods and How It Came to Earth,N/A,Village of the Giants,tt0059878
N/A,The Food of the Gods and How It Came to Earth,N/A,Food of the Gods II,tt0097371
13947,The Forbidden Territory,0330347764,Forbidden Territory,tt0025131
2713,The Four Feathers,0140150811,Storm Over the Nile,tt0048662
110,The Fox and the Hound,0765353709,The Fox and the Hound,tt0082406
N/A,"F.P.1 Doesn't Answer (a.k.a. F.P.1, or F.P.1 Doesn't Respond)",N/A,F.P.1 antwortet nicht,tt0022869
18486,Frankenstein,0152057668,Son of Frankenstein,tt0031951
18486,Frankenstein,0152057668,The Ghost of Frankenstein,tt0034786
18486,Frankenstein,0152057668,Abbott and Costello Meet Frankenstein,tt0040068
18486,Frankenstein,0152057668,The Revenge of Frankenstein,tt0050894
18486,Frankenstein,0152057668,The Evil of Frankenstein,tt0058073
18486,Frankenstein,0152057668,Frankenstein Created Woman,tt0061683
18486,Frankenstein,0152057668,Frankenstein Must Be Destroyed,tt0065738
18486,Frankenstein,0152057668,The Horror of Frankenstein,tt0065851
18486,Frankenstein,0152057668,Frankenstein and the Monster from Hell,tt0071519
18486,Frankenstein,0152057668,Frankenstein 1970,tt0051630
18486,Frankenstein,0152057668,The War of the Gargantuas,tt0060440
18486,Frankenstein,0152057668,Dracula vs. Frankenstein,tt0067017
18486,Frankenstein,0152057668,Blackenstein,tt0069795
18486,Frankenstein,0152057668,Young Frankenstein,tt0072431
18486,Frankenstein,0152057668,Frankenstein Unbound,tt0099612
18486,Frankenstein,0152057668,House of Frankenstein 1997,tt0127378
N/A,Fried Green Tomatoes at the Whistle Stop Cafe,N/A,Fried Green Tomatoes,tt0101921
N/A,Friend,N/A,Deadly Friend,tt0090917
N/A,From Here to Eternity,N/A,From Here to Eternity,tt0045793
32827,From the Earth to the Moon (From the Earth to the Moon),1598184547,The Fabulous Baron Munchausen,tt0054665
N/A,From the Terrace,N/A,From the Terrace,tt0053841
N/A,The Fuzzy Pink Nightgown,N/A,The Fuzzy Pink Nightgown,tt0050422
N/A,Game no na wa Yuukai (a.k.a. Geimu no na wa Yuukai (The Name of the Game is Kidnapping)),N/A,G@me,tt0431077
3997,The Garden of God,0849942985,Return to the Blue Lagoon,tt0102782
15384,Gardens of Stone,0571200613,Gardens of Stone,tt0093073
N/A,Georgy Girl,N/A,Georgy Girl,tt0060453
864,The Ghost,0060887966,The Ghost Writer,tt0087331
5346,The Ghost and Mrs. Muir,0385339682,The Ghost and Mrs. Muir,tt0039420
8147,The Girl from Petrovka,0141185872,The Girl from Petrovka,tt0071554
N/A,The Girls' Guide to Hunting and Fishing,N/A,Suburban Girl,tt0428579
7445,The Glass Inferno,074324754X,The Towering Inferno,tt0072308
N/A,Glory for Me,N/A,The Best Years of Our Lives,tt0036868
163,The Gnomobile,0679767479,The Gnome-Mobile,tt0061715
1078,The Godfather,1416500189,The Godfather Part II,tt0071562
1078,The Godfather,1416500189,The Godfather Part III,tt0099674
22036,The Gods Hate Kansas,0451217403,They Came from Beyond Space,tt0062360
3254,The Good German,1420927329,The Good German,tt0452624
N/A,A Good Year,N/A,A Good Year,tt0401445
N/A,"Goodbye Piccadilly, Farewell Leicester Square",N/A,Frenzy,tt0068611
4673,The Great Dinosaur Robbery,0140771972,One of Our Dinosaurs Is Missing,tt0075016
1620,The Great Man,0316156507,The Great Man,tt0049280
3656,The Great Santini,1400097029,The Great Santini,tt0079239
1824,The Great West That Was,0743270606,Rustlers of Red Dog,tt0026960
14305,The Greengage Summer,1400095468,The Greengage Summer,tt0055098
16091,Grendel,159307736X,Grendel Grendel Grendel,tt0082478
2678,Gulliver's Travels,1416500391,The New Gulliver,tt0026793
N/A,Guns of the Timberland,N/A,Guns of the Timberland,tt0053884
N/A,Hababam Sınıfı,N/A,Hababam Sınıfı,tt0252487
N/A,"Happy Dan, The Cynical Dog",N/A,Lady and the Tramp,tt0048280
10,Harry Potter,0439827604,Harry Potter and the Deathly Hallows – Part 1,tt0926084
10,Harry Potter,0439827604,Harry Potter and the Deathly Hallows – Part 2,tt1201607
31358,Hart's War,0425058190,Hart's War,tt0251114
278,The Harvest,1565842219,The Return of Vasili Bortnikov,tt0045301
22288,Haunted Harbor,1400032822,Haunted Harbor,tt0036900
N/A,Hawk of the Wilderness,N/A,Hawk of the Wilderness,tt0030219
N/A,He Ran All the Way,N/A,He Ran All the Way,tt0043625
N/A,The Heaven Sword and Dragon Saber,N/A,The Hidden Power of the Dragon Sabre,tt0087406
N/A,The Heaven Sword and Dragon Saber,N/A,Kung Fu Cult Master,tt0108624
93,Heidi,0753454947,Heidi and Peter,tt0048152
93,Heidi,0753454947,Heidi's Song,tt0084060
93,Heidi,0753454947,Heidi 4 Paws,tt1156448
24880,Hell House,0810954796,The Legend of Hell House,tt0070294
30340,The Hellbound Heart,0520024273,Hellraiser,tt0093177
N/A,Heller with a Gun,N/A,Heller in Pink Tights,tt0053902
1369,"The History of Tom Jones, a Foundling",0226327701,The Bawdy Adventures of Tom Jones,tt0074189
3872,A History of Violence,0802715524,A History of Violence,tt0399146
824,The Hobbit,0553383442,The Hobbit: An Unexpected Journey,tt0903624
824,The Hobbit,0553383442,The Hobbit: The Desolation of Smaug,tt1170358
824,The Hobbit,0553383442,The Hobbit: The Battle of the Five Armies,tt2310332
N/A,Horrid Henry,N/A,Horrid Henry: The Movie,tt1684555
8921,The Hound of Florence,0451528018,The Shaggy D.A.,tt0075200
8921,The Hound of Florence,0451528018,The Return of the Shaggy Dog,tt0093852
2899,The Howling,0140105832,Howling III,tt0093227
2899,The Howling,0140105832,Howling IV: The Original Nightmare,tt0095334
2899,The Howling,0140105832,Howling V: The Rebirth,tt0097534
2899,The Howling,0140105832,Howling VI: The Freaks,tt0102067
2899,The Howling,0140105832,Howling: New Moon Rising,tt0113349
30597,The Hunchback of Notre-Dame (Notre-Dame de Paris () ),0451527887,The Darling of Paris,tt0007839
30597,The Hunchback of Notre-Dame (Notre-Dame de Paris () ),0451527887,Quasimodo d'El Paris,tt0163166
N/A,The Hundred and One Dalmatians,N/A,102 Dalmatians,tt0211181
408,The Hunger Games,0679722955,The Hunger Games: Mockingjay – Part 1,tt1951265
408,The Hunger Games,0679722955,The Hunger Games: Mockingjay – Part 2,tt1951266
664,The Hunter,0452286751,Full Contact,tt0105851
14064,I Am Legend,1857988094,The Omega Man,tt0067525
N/A,I Know What You Did Last Summer,N/A,I Know What You Did Last Summer,tt0119345
N/A,I Know What You Did Last Summer,N/A,I Still Know What You Did Last Summer,tt0130018
N/A,I Know What You Did Last Summer,N/A,I'll Always Know What You Did Last Summer,tt0469111
N/A,If I Die Before I Wake,N/A,The Lady from Shanghai,tt0040525
28634,"Immortality, Inc.",057114456X,Freejack,tt0104299
33820,In Country,0446611913,In Country,tt0097570
12505,The Incredible Journey,0679642420,Homeward Bound: The Incredible Journey,tt0107131
12505,The Incredible Journey,0679642420,Homeward Bound II: Lost in San Francisco,tt0116552
N/A,Incubus,N/A,The Incubus,tt0084133
N/A,Indian Country,N/A,The Return of a Man Called Horse,tt0075132
N/A,Indian Country,N/A,Triumphs of a Man Called Horse,tt0084826
N/A,Instruct My Sorrows,N/A,My Reputation,tt0038765
1362,The Investigation,0140449086,Kojak: The Price of Justice,tt0091353
2851,The Invisible Man,0525464824,The Invisible Man Returns,tt0032635
2851,The Invisible Man,0525464824,Invisible Agent,tt0034902
2851,The Invisible Man,0525464824,The Invisible Man's Revenge,tt0036959
291,The Iron Man,0806501901,The Iron Giant,tt0129167
3348,The Iron Trail,0399234764,The Iron Trail,tt0012322
29981,The Island of Doctor Moreau,0553214322,The Island of Doctor Agor,tt0309721
N/A,Jack's Return Home,N/A,Get Carter,tt0067128
10210,Jane Eyre,0142437204,Woman and Wife,tt0009831
10210,Jane Eyre,0142437204,Orphan of Lowood,tt0017521
10210,Jane Eyre,0142437204,Sangdil,tt0130991
10210,Jane Eyre,0142437204,Shanti Nilayam,tt0390476
N/A,Jaws,N/A,Jaws 2,tt0077766
N/A,Jaws,N/A,Jaws 3-D,tt0085750
N/A,Jaws,N/A,Jaws: The Revenge,tt0093300
N/A,Jim Kane,N/A,Pocket Money,tt0069103
N/A,Jimmy the Kid,N/A,Jimmy the Kid,tt0085756
N/A,Journal d'un curé de campagne,N/A,Diary of a Country Priest,tt0042619
N/A,A Journey to Matecumbe,N/A,Treasure of Matecumbe,tt0075347
3695,Journey to Shiloh,0143039725,Journey to Shiloh,tt0063161
3695,Journey to the West,0143039725,A Chinese Tall Story,tt0469050
3695,Journey to the West,0143039725,The Forbidden Kingdom,tt0865556
N/A,A Judgement in Stone,N/A,La Cérémonie,tt0112769
N/A,Jumanji,N/A,Jumanji,tt0113497
12081,The Jungle Book,0061312118,The Jungle Book 2,tt0283426
12081,The Jungle Book,0061312118,The Second Jungle Book: Mowgli & Baloo,tt0120087
12081,The Jungle Book,0061312118,Mowgli: The New Adventures of the Jungle Book,tt0147781
N/A,Jupiter Laughs,N/A,Shining Victory,tt0034184
7677,Jurassic Park,030734813X,The Lost World: Jurassic Park,tt0119567
7677,Jurassic Park,030734813X,Jurassic Park III,tt0163025
N/A,Kaitei Gunkan,N/A,Atragon,tt0057215
6197,The King's Damosel,069107089X,Quest for Camelot,tt0120800
12746,Kings Row,0375756868,Kings Row,tt0034946
13965,King Solomon's Mines,0415267471,King Solomon's Treasure,tt0076270
13965,King Solomon's Mines,0415267471,Allan Quatermain and the Temple of Skulls,tt1219671
N/A,Kings Go Forth,N/A,Kings Go Forth,tt0051819
5349,The Klansman,0385339607,The Klansman,tt0071721
N/A,Kolchak: The Kolchak Papers,N/A,Crackle of Death,tt0166157
N/A,Kowloon Tong,N/A,Chinese Box,tt0118851
N/A,La lampe dans la fenêtre,N/A,Cordélia,tt0085365
N/A,Lassie Come-Home,N/A,Lassie Come Home,tt0036098
N/A,Lassie Come-Home,N/A,Courage of Lassie,tt0038427
N/A,Lassie Come-Home,N/A,The Sun Comes Up,tt0040849
N/A,Lassie Come-Home,N/A,Challenge to Lassie,tt0041238
N/A,Lassie Come-Home,N/A,The Painted Hills,tt0043895
N/A,Lassie Come-Home,N/A,The Magic of Lassie,tt0077890
685,The Last Detail,0374502005,The Last Detail,tt0070290
2430,The Last Hunt,0515121495,The Last Hunt,tt0049432
2430,The Last Picture Show,0515121495,The Last Picture Show,tt0067328
N/A,Last Stand at Papago Wells,N/A,Apache Territory,tt0051369
N/A,Last Stand at Saber River,N/A,Last Stand at Saber River,tt0119501
30368,The Law at Randado,0553576054,Border Shootout,tt0097720
N/A,Law Man,N/A,The Quiet Gun,tt0050874
N/A,Lawyer Man,N/A,Lawyer Man,tt0023125
N/A,Leaving Cheyenne,N/A,Lovin' Molly,tt0071780
1246,The Ledger,0787968331,Get Christie Love!,tt0070990
27523,Left Behind,0842342702,Left Behind II: Tribulation Force,tt0283644
N/A,Les Liaisons dangereuses (The Dangerous Liaisons),N/A,Dangerous Liaisons,tt0094947
N/A,Les Liaisons dangereuses (The Dangerous Liaisons),N/A,Cruel Intentions,tt0139134
N/A,The Life Before Us (a. k. a. Momo),N/A,Madame Rosa,tt0076348
N/A,A Lion Is in the Streets,N/A,A Lion Is in the Streets,tt0046002
30092,"The Life and Opinions of Tristram Shandy, Gentleman",0349102503,A Cock and Bull Story,tt0423409
3101,The Lone Star Ranger,0141441488,Lone Star Ranger,tt0034994
34,The Fellowship of the Ring,0618346252,The Lord of the Rings: The Two Towers,tt0167261
34,The Fellowship of the Ring,0618346252,The Lord of the Rings: The Return of the King,tt0167260
537,The Lost Ones,0330485385,The Island at the Top of the World,tt0071671
2430,The Lost Symbol,0515121495,The Lost Symbol,tt1422137
67,The Lost World,0061159174,Return to the Lost World,tt0105249
67,The Lost World,0061159174,King of the Lost World,tt0478188
N/A,Lottie and Lisa (Das doppelte Lottchen),N/A,The Parent Trap II,tt0091721
N/A,Lottie and Lisa (Das doppelte Lottchen),N/A,Parent Trap III,tt0098066
N/A,Lottie and Lisa (Das doppelte Lottchen),N/A,Parent Trap: Hawaiian Honeymoon,tt0098065
N/A,Lottie and Lisa (Das doppelte Lottchen),N/A,Kuch Khatti Kuch Meethi,tt0271604
285,Love Story,1851681825,Oliver's Story,tt0078024
16401,The Luck of Barry Lyndon,1585673366,Barry Lyndon,tt0072684
N/A,Lunes de fiel,N/A,Bitter Moon,tt0104779
2430,The Lusty Men,0515121495,The Lusty Men,tt0044860
N/A,Madame Doubtfire (a.k.a. Alias Madame Doubtfire),N/A,Mrs. Doubtfire,tt0107614
61,The Maddening,0595321801,The Maddening,tt0113732
N/A,"The Magic Bed Knob; or, How to Become a Witch in Ten Easy Lessons",N/A,Bedknobs and Broomsticks,tt0066817
N/A,Martin Eden,N/A,The Adventures of Martin Eden,tt0034431
N/A,Make Room! Make Room!,N/A,Soylent Green,tt0070723
11031,The Maltese Falcon,0156029588,Satan Met a Lady,tt0028219
11031,The Maltese Falcon,0156029588,The Black Bird,tt0072706
9908,The Man Called Noon,0060976101,The Man Called Noon,tt0068870
10587,The Man in the Gray Flannel Suit,074352585X,The Man in the Gray Flannel Suit,tt0049474
1824,The Man Who Fell to Earth,0743270606,The Man Who Fell to Earth,tt0074851
1824,The Man Who Never Was,0743270606,The Man Who Never Was,tt0049471
453,The Man Without a Face,0140154078,The Man Without a Face,tt0107501
N/A,Man Without a Star,N/A,Man Without a Star,tt0048340
2430,The Mephisto Waltz,0515121495,The Mephisto Waltz,tt0067419
10910,Mercy Island,0743422449,Mercy Island,tt0033906
N/A,Miami Mayhem,N/A,Tony Rome,tt0062380
4832,Midnight and Jeremiah,0330267140,So Dear to My Heart,tt0041890
N/A,A Midnight Clear,N/A,A Midnight Clear,tt0102443
13141,The Midwich Cuckoos,0446606383,Children of the Damned,tt0056931
N/A,"Mine-Haha, or On the Bodily Education of Young Girls",N/A,The Fine Art of Love: Mine Ha-Ha,tt0425186
N/A,The Mirror Crack'd from Side to Side,N/A,The Mirror Crack'd,tt0081163
24281,Les Misérables,0679600124,Ezhai Padum Padu,tt0260015
N/A,Miss Lonelyhearts,N/A,Advice to the Lovelorn,tt0023741
2386,Moby-Dick,9626343583,The Sea Beast,tt0017354
2386,Moby-Dick,9626343583,Dot and the Whale,tt0090961
2386,Moby-Dick,9626343583,Capitaine Achab,tt0398831
2386,Moby-Dick,9626343583,Age of the Dragons,tt1594917
11926,Moderato Cantabile,3518376780,Seven Days... Seven Nights,tt0054091
1425,The Molly Maguires,0062513346,The Molly Maguires,tt0066090
13752,The Monster from Earth's End,0679761063,The Navy vs. the Night Monsters,tt0060741
N/A,Morpho Eugenia,N/A,Angels & Insects,tt0112365
77,The Mortal Instruments,0374522596,The Mortal Instruments: City of Bones,tt1538403
2686,The Mosquito Coast,0192834428,The Mosquito Coast,tt0091557
N/A,Mother Carey's Chickens,N/A,Summer Magic,tt00057542
N/A,Mr. Hobbs' Vacation,N/A,Mr. Hobbs Takes a Vacation,tt0056255
8014,Mr. Limpet,0843178388,The Incredible Mr. Limpet,tt0058230
N/A,Mr. Winkle Goes to War,N/A,Mr. Winkle Goes to War,tt0037095
N/A,Mrs. Frisby and the Rats of NIMH,N/A,The Secret of NIMH 2: Timmy to the Rescue,tt0171725
N/A,Murder in Amityville,N/A,Amityville II: The Possession,tt0083550
N/A,Murphy’s Romance: A Novel,N/A,Murphy's Romance,tt0089643
N/A,My Philadelphia Father,N/A,The Happiest Millionaire,tt0061749
N/A,My Friend Flicka,N/A,Green Grass of Wyoming,tt0040402
N/A,My Friend Flicka,N/A,Flicka,tt0434215
N/A,My Kingdom for a Woman,N/A,Abdulla the Great,tt0048922
10503,The Mysterious Island (The Mysterious Island),0156030438,Journey 2: The Mysterious Island,tt1397514
4989,The Naked Country,0312353766,The Naked Country,tt0087776
N/A,Nest in a Fallen Tree,N/A,The Night Digger,tt0067486
1620,The Neverending Story,0316156507,The NeverEnding Story II: The Next Chapter,tt0100240
1620,The Neverending Story,0316156507,The NeverEnding Story III,tt0110647
408,The Nick Adams Stories,0679722955,Hemingway's Adventures of a Young Man,tt0056063
3469,Nights in Rodanthe,0446691798,Nights in Rodanthe,tt0956038
1429,The Ninth Configuration,0060930136,The Ninth Configuration,tt0081237
N/A,No Down Payment,N/A,No Down Payment,tt0050771
N/A,No Orchids for Miss Blandish,N/A,The Grissom Gang,tt0067162
N/A,No Orchids for Miss Blandish,N/A,La Chair de l'orchidée,tt0071297
3444,Northern Lights,0767904419,The Golden Compass,tt0385752
6138,The Notebook,0375757856,The Notebook,tt0332280
N/A,Nurse Matilda,N/A,Nanny McPhee,tt0396752
N/A,Nurse Matilda,N/A,Nanny McPhee and the Big Bang,tt1415283
N/A,Odd Man Out,N/A,Odd Man Out,tt0039677
8586,Odds Against Tomorrow,0515125512,Odds Against Tomorrow,tt0053133
N/A,Odyssey,N/A,Odysseus and the Isle of the Mists,tt0945580
N/A,Oil!,N/A,There Will Be Blood,tt0469494
18255,Oliver Twist,0486424537,Oliver & Company,tt0095776
18255,Oliver Twist,0486424537,Boy called Twist,tt0461472
N/A,Oms en série (Oms by the Dozen),N/A,Fantastic Planet,tt0070544
N/A,On Stranger Tides,N/A,Pirates of the Caribbean: On Stranger Tides,tt1298650
N/A,One More Spring,N/A,One More Spring,tt0026822
23000,Operation Terror,006097611X,Experiment in Terror,tt0055972
30280,Out of Sight,0515131091,Out of Sight,tt0120780
N/A,Over the River,N/A,One More River,tt0025600
43926,The Ox-Bow Incident,045121577X,The Ox-Bow Incident,tt0036244
5360,A Painted House,0385337930,A Painted House,tt0362001
1378,The Painted Veil,0872205428,The Seventh Sin,tt0050954
24601,Paris Blues,0811200078,Paris Blues,tt0055278
N/A,Pasó por aquí (Once in the Saddle),N/A,Four Faces West,tt0040370
N/A,Percy Jackson & the Olympians,N/A,Percy Jackson & the Olympians: The Lightning Thief,tt0814255
10583,Pet Sematary,1416524347,Pet Sematary Two,tt0105128
N/A,"Peter Pan, or The Boy Who Wouldn't Grow Up",N/A,Return to Never Land,tt0280030
N/A,"Peter Pan, or The Boy Who Wouldn't Grow Up",N/A,The Lost Boys,tt0093437
N/A,"Peter Pan, or The Boy Who Wouldn't Grow Up",N/A,Tinker Bell and the Great Fairy Rescue,tt1216515
N/A,"Peter Pan, or The Boy Who Wouldn't Grow Up",N/A,Pixie Hollow Games,tt1450334
N/A,"Peter Pan, or The Boy Who Wouldn't Grow Up",N/A,Secret of the Wings,tt1217213
2899,The Philadelphian,0140105832,The Young Philadelphians,tt0053462
13133,The Pickwick Papers,0316117366,The Adventures of Mr. Pickwick,tt0315144
N/A,"Pioneer, Go Home!",N/A,Follow That Dream,tt0055992
N/A,La Planète des singes,N/A,Beneath the Planet of the Apes,tt0065462
N/A,La Planète des singes,N/A,Escape from the Planet of the Apes,tt0067065
N/A,La Planète des singes,N/A,Conquest of the Planet of the Apes,tt0068408
N/A,La Planète des singes,N/A,Battle for the Planet of the Apes,tt0069768
N/A,La Planète des singes,N/A,Rise of the Planet of the Apes,tt1318514
295,Pleasure Island,0753453800,The Girls of Pleasure Island,tt0045819
N/A,Le Pont de la Rivière Kwaï,N/A,The Bridge on the River Kwai,tt0050212
N/A,The Pope of Greenwich Village,N/A,The Pope of Greenwich Village,tt0087932
45639,Portnoy's Complaint,0060878827,Portnoy's Complaint,tt0069112
N/A,Portrait of Jennie,N/A,Portrait of Jennie,tt0040705
N/A,Pożegnania,N/A,Farewells,tt0052083
1888,Pride and Prejudice,0192802380,Bride and Prejudice,tt0361411
3690,The Prince and the Pauper,0142437301,Raja Aur Runk,tt0214037
3690,The Prince and the Pauper,0142437301,Trading Places,tt0086465
3690,The Prince and the Pauper,0142437301,The Prince and the Surfer,tt0173052
3690,The Prince and the Pauper,0142437301,The Pooch and the Pauper,tt0170429
85,The Prince of Tides,0822205106,The Prince of Tides,tt0102713
5350,The Princess Diaries,0385339100,The Princess Diaries 2: Royal Engagement,tt0368933
40395,A Princess of Mars,0143104888,Princess of Mars,tt1531911
N/A,Promise at Dawn,N/A,Promise at Dawn,tt0066251
N/A,Psycho,N/A,Psycho III,tt0091799
N/A,Psycho,N/A,Psycho IV: The Beginning,tt0102724
10907,The Puppet Masters,0060744871,The Brain Eaters,tt0051432
16767,The Queen of the Damned,034537147X,Queen of the Damned,tt0238546
N/A,Quentin Durward,N/A,The Adventures of Quentin Durward,tt0048528
N/A,Raiders of Spanish Peaks,N/A,The Arizona Raiders,tt0027308
5349,The Rainbird Pattern,0385339607,Family Plot,tt0074512
41706,Raise the Titanic!,0425194523,Raise the Titanic,tt0081400
N/A,Random Hearts,N/A,Random Hearts,tt0156934
11990,The Rebel Outlaw: Josey Wales,0679733841,The Outlaw Josey Wales,tt0075029
N/A,Red Hugh: Prince of Donegal,N/A,The Fighting Prince of Donegal,tt0060408
6290,The Redhead from Sun Dog,0415253896,The Red Rider,tt0025706
N/A,The Reincarnation of Peter Proud,N/A,The Reincarnation of Peter Proud,tt0073615
45338,Rendezvous in Black,0812971450,Seven Blood-Stained Orchids,tt0067696
9864,The Return of the Condor Heroes,0312254997,The Brave Archer and His Mate,tt0079899
9864,The Return of the Condor Heroes,0312254997,Little Dragon Maiden,tt0084256
35108,Return of the Living Dead,0345381114,The Return of the Living Dead,tt0089907
35108,Return of the Living Dead,0345381114,Return of the Living Dead Part II,tt0095990
35108,Return of the Living Dead,0345381114,Return of the Living Dead 3,tt0107953
35108,Return of the Living Dead,0345381114,Return of the Living Dead: Necropolis,tt0411805
35108,Return of the Living Dead,0345381114,Return of the Living Dead: Rave to the Grave,tt0411806
N/A,Return to Paradise,N/A,Until They Sail,tt0051141
N/A,Revolt,N/A,Scarlet Dawn,tt0022308
2932,Robinson Crusoe,0375757325,Robinson Crusoe on Mars,tt0058530
N/A,Rogue Cop,N/A,Rogue Cop,tt0047424
N/A,Rosemary's Baby,N/A,Look What's Happened to Rosemary's Baby,tt0074815
N/A,Rum Punch,N/A,Jackie Brown,tt0119396
24192,The Runaway Jury,0385339690,Runaway Jury,tt0313542
3799,The Russia House,0330442554,The Russia House,tt0100530
N/A,Tarzan,N/A,The Romance of Tarzan,tt0009560
N/A,Tarzan,N/A,The Revenge of Tarzan,tt0011624
N/A,Tarzan,N/A,The Adventures of Tarzan,tt0011908
N/A,Tarzan,N/A,Tarzan the Mighty,tt0019447
N/A,Tarzan,N/A,Tarzan the Tiger,tt0020481
N/A,Tarzan,N/A,Tarzan the Fearless,tt0024645
N/A,Tarzan,N/A,Tarzan and His Mate,tt0025862
N/A,Tarzan,N/A,Tarzan Escapes,tt0028345
N/A,Tarzan,N/A,Tarzan Finds a Son!,tt0032007
N/A,Tarzan,N/A,Tarzan's Secret Treasure,tt0034266
N/A,Tarzan,N/A,Tarzan and the Amazons,tt0038151
N/A,Tarzan,N/A,Tarzan and the Leopard Woman,tt0039011
N/A,Tarzan,N/A,Tarzan and the Huntress,tt0039887
N/A,Tarzan,N/A,Tarzan and the Mermaids,tt0040862
N/A,Tarzan,N/A,Tarzan's Magic Fountain,tt0041947
N/A,Tarzan,N/A,Tarzan and the Slave Girl,tt0043025
N/A,Tarzan,N/A,Tarzan's Peril,tt0043695
N/A,Tarzan,N/A,Tarzan's Savage Fury,tt0045220
N/A,Tarzan,N/A,Tarzan and the She-Devil,tt0046404
N/A,Tarzan,N/A,Tarzan's Hidden Jungle,tt0048699
N/A,Tarzan,N/A,Tarzan and the Lost Safari,tt0051057
N/A,Tarzan,N/A,Tarzan and the Trappers,tt0052273
N/A,Tarzan,N/A,Tarzan's Fight for Life,tt0052275
N/A,Tarzan,N/A,Tarzan's Greatest Adventure,tt0053334
N/A,Tarzan,N/A,Tarzan the Magnificent,tt0054368
N/A,Tarzan,N/A,Tarzan Goes to India,tt0056560
N/A,Tarzan,N/A,Tarzan's Three Challenges,tt0057560
N/A,Tarzan,N/A,Tarzan and the Valley of Gold,tt0061067
N/A,Tarzan,N/A,Tarzan and the Great River,tt0062341
N/A,Tarzan,N/A,Tarzan and the Jungle Boy,tt0063673
N/A,Tarzan,N/A,Tarzan's Deadly Silence,tt0066438
N/A,Tarzan,N/A,Tarzan and the Brown Prince,tt0069344
N/A,Tarzan,N/A,Tarzan and the Lost City,tt0120856
N/A,Tarzan,N/A,Tarzan II,tt0437503
N/A,Ten Against Caesar (a. k. a. Trail's End at 'Dobe Town),N/A,Gun Fury,tt0045846
N/A,Terms of Endearment,N/A,Terms of Endearment,tt0086425
N/A,Texasville,N/A,Texasville,tt0103069
278,Theatre,1565842219,Being Julia,tt0340012
N/A,These Foolish Things,N/A,The Best Exotic Marigold Hotel,tt1412386
41663,They Came to Cordura,0765314231,They Came to Cordura,tt0053351
37573,They Do It with Mirrors,1559277580,Murder Ahoy!,tt0058382
37573,They Do It with Mirrors,1559277580,Murder with Mirrors,tt0089640
25743,They Saved London,0374506809,Battle of the V-1,tt0051402
10559,The Thirteenth Guest,1593081480,The Thirteenth Guest,tt0023583
N/A,Thieves Like Us,N/A,They Live by Night,tt0040872
N/A,Thomasina: The Cat Who Thought She Was God,N/A,The Three Lives of Thomasina,tt0057579
7784,Thor,0679889108,Bad Moon,tt0115610
26689,Thunderball,0373802358,Never Say Never Again,tt0086006
2182,Three Godfathers,0140448004,3 Godfathers,tt0040064
N/A,The Three Worlds of Johnny Handsome,N/A,Johnny Handsome,tt0097626
N/A,A Tiger Walks,N/A,A Tiger Walks,tt0058657
N/A,To Catch a Thief,N/A,To Catch a Thief,tt0048728
31100,To Have and Have Not,0767912276,The Gun Runners,tt0051687
N/A,The Molly Fountain mini series - To the Devil,N/A,To the Devil a Daughter,tt0075334
N/A,"Toby Tyler; or, Ten Weeks with a Circus",N/A,Toby Tyler,tt0054390
N/A,Le tour du monde en quatre-vingts jours (Around the World in Eighty Days),N/A,The Three Stooges Go Around the World in a Daze,tt0057580
N/A,Le tour du monde en quatre-vingts jours (Around the World in Eighty Days),N/A,Tweety's High-Flying Adventure,tt0248575
1852,The Track of the Cat,0439227143,Track of the Cat,tt0047603
295,Treasure Island,0753453800,L'isola del tesoro,tt0179577
295,Treasure Island,0753453800,Treasure Planet,tt0133240
295,Treasure Island,0753453800,Pirates of Treasure Island,tt0811011
N/A,Trinity's Child,N/A,By Dawn's Early Light,tt0099197
N/A,Les Trois Mousquetaires (The Three Musketeers),N/A,Les Trois Mousquetaires,tt0178078
N/A,Les Trois Mousquetaires (The Three Musketeers),N/A,At Sword's Point,tt0044380
N/A,Les Trois Mousquetaires (The Three Musketeers),N/A,The Return of the Musketeers,tt0098194
N/A,Les Trois Mousquetaires (The Three Musketeers),N/A,The Musketeer,tt0246544
N/A,Les Trois Mousquetaires (The Three Musketeers),N/A,La Femme Musketeer,tt0341855
N/A,Les Trois Mousquetaires (The Three Musketeers),N/A,Barbie and the Three Musketeers,tt1484922
32941,True Grit,0743291352,True Grit: A Further Adventure,tt0078422
43150,Twilight for the Gods,0140445145,Twilight for the Gods,tt0052326
59,The Twilight Saga,0141312629,The Twilight Saga: New Moon,tt1259571
59,The Twilight Saga,0141312629,The Twilight Saga: Eclipse,tt1325004
59,The Twilight Saga,0141312629,The Twilight Saga: Breaking Dawn – Part 1,tt1324999
59,The Twilight Saga,0141312629,The Twilight Saga: Breaking Dawn – Part 2,tt1673434
N/A,Two-Gun Man,N/A,Under a Texas Moon,tt0021503
N/A,Two-Minute Warning,N/A,Two-Minute Warning,tt0075359
N/A,Two Much!,N/A,Two Much,tt0118001
7045,The Tunnel of Love,0394735307,The Tunnel of Love,tt0052325
N/A,Ugetsu monogatari,N/A,Ugetsu,tt0046478
N/A,The Ugly Dachshund,N/A,The Ugly Dachshund,tt0061135
N/A,Uncle Remus,N/A,Song of the South,tt0038969
N/A,Uncle Remus,N/A,The Adventures of Brer Rabbit,tt0493201
N/A,Undercover Cat,N/A,That Darn Cat!,tt00059793
N/A,Valdez Is Coming,N/A,Valdez Is Coming,tt0067921
N/A,Vampire$,N/A,Vampires: Los Muertos,tt0272147
N/A,Vampire$,N/A,Vampires: The Turning,tt0398378
10593,The Vanishing American,0743537009,The Vanishing American,tt0016480
5797,Vanity Row,0141439831,Accused of Murder,tt0048924
N/A,Vennelalo Adapilla,N/A,Beladingala Baale,tt2010915
11285,Vengeance,2268041042,Sword of Gideon,tt0092038
N/A,Vengeance Valley,N/A,Vengeance Valley,tt0044186
N/A,Vespers in Vienna,N/A,The Red Danube,tt0041788
N/A,The Vicomte of Bragelonne: Ten Years Later (The Vicomte of Bragelonne: Ten Years Later),N/A,The Iron Mask,tt0020030
32588,Victory,1557131775,Dangerous Paradise,tt0020810
N/A,Viper Three,N/A,Twilight's Last Gleaming,tt0076845
N/A,Vingt mille lieues sous les mers (Twenty Thousand Leagues Under the Sea),N/A,Captain Nemo and the Underwater City,tt0065522
N/A,Vingt mille lieues sous les mers (Twenty Thousand Leagues Under the Sea),N/A,The Return of Captain Nemo,tt0077156
N/A,Vingt mille lieues sous les mers (Twenty Thousand Leagues Under the Sea),N/A,The Black Hole,tt0078869
N/A,Vision Quest,N/A,Vision Quest,tt0090270
10034,The Voice of Bugle Ann,0679738959,The Voice of Bugle Ann,tt0028471
N/A,Le Voleur,N/A,The Thief of Paris,tt0062457
N/A,Les Voyages et aventures du capitaine Hatteras (The Adventures of Captain Hatteras),N/A,The Conquest of the Pole,tt0002113
2015,The Wages of Fear,0765342529,The Wages of Fear,tt0046268
2015,The Wages of Fear,0765342529,Violent Road,tt0052368
280,The Wailing Asteroid,0394743040,The Terrornauts,tt0062355
3473,A Walk to Remember,0446693804,A Walk to Remember,tt0281358
N/A,Waltz into Darkness,N/A,Mississippi Mermaid,tt0064990
278,The War of the Worlds,1565842219,War of the Worlds 2: The Next Wave,tt1183733
278,The Water Hole,1565842219,The Water Hole,tt0019550
9754,The Werewolf of Paris,097607267X,Legend of the Werewolf,tt0073275
278,The Wet Parade,1565842219,The Wet Parade,tt0023685
N/A,When Knighthood Was in Flower,N/A,The Sword and the Rose,tt0046387
N/A,Where Eagles Dare,N/A,Where Eagles Dare,tt0065207
5168,Where the Boys Are,0446672211,Where the Boys Are '84,tt0088395
5213,White Banners,0316284955,White Banners,tt0030973
5065,White Dog,1405052716,White Dog,tt0084899
5213,White Fang,0316284955,White Fang to the Rescue,tt0072436
5213,White Fang,0316284955,White Fang and the Hunter,tt0090318
5213,White Fang,0316284955,White Fang 2: Myth of the White Wolf,tt0111701
11693,The White Stallions of Vienna,0571164668,Miracle of the White Stallions,tt0057312
27609,White Jazz,0679738169,White Jazz,tt0892384
N/A,Who Censored Roger Rabbit?,N/A,Who Framed Roger Rabbit,tt0096438
N/A,Who Lie in Gaol,N/A,The Weak and the Wicked,tt0046535
N/A,Who Rides with Wyatt,N/A,Young Billy Young,tt0065230
N/A,A Widow for One Year,N/A,The Door in the Floor,tt0348593
2873,The Willing Flesh,0452284449,Cross of Iron,tt0074695
5659,The Wind in the Willows,0143039091,The Adventures of Ichabod and Mr. Toad,tt0041094
N/A,Winnie-the-Pooh,N/A,The Many Adventures of Winnie the Pooh,tt0076363
N/A,Winnie-the-Pooh,N/A,Pooh's Grand Adventure: The Search for Christopher Robin,tt0119918
N/A,Winnie-the-Pooh,N/A,Piglet's Big Movie,tt0323642
N/A,Winnie-the-Pooh,N/A,Pooh's Heffalump Halloween Movie,tt0457437
7938,Winter Meeting,0020419708,Winter Meeting,tt0040971
7938,Winter's Bone,0020419708,Winter's Bone,tt1399683
N/A,Witch's Milk,N/A,Pete 'n' Tillie,tt0069080
N/A,with a Perfect Stranger,N/A,The Perfect Gift,tt1349640
4337,The Woman Chaser,1594480117,The Woman Chaser,tt0217894
5890,The Woman in White,0141439610,Crimes at the Dark House,tt0032366
N/A,"Woman, Thou Art Loosed!: Healings the Wounds of the Past",N/A,Woman Thou Art Loosed,tt0399901
18843,Woman Wanted,0156028069,Woman Wanted,tt0158369
9863,The Wonderful Wizard of Oz,0851703003,The Fairylogue and Radio-Plays,tt0000679
9863,The Wonderful Wizard of Oz,0851703003,The Magic Cloak of Oz,tt0004286
9863,The Wonderful Wizard of Oz,0851703003,Return to Oz,tt0089908
9863,The Wonderful Wizard of Oz,0851703003,The Wizard of Mars,tt0059920
9863,The Wonderful Wizard of Oz,0851703003,The Wonderful Land of Oz,tt0065223
9863,The Wonderful Wizard of Oz,0851703003,Ayşecik ve Sihirli Cüceler Rüyalar Ülkesinde,tt0066801
9863,The Wonderful Wizard of Oz,0851703003,Journey Back to Oz,tt0067280
9863,The Wonderful Wizard of Oz,0851703003,Lion of Oz,tt0120733
9863,The Wonderful Wizard of Oz,0851703003,The Muppets' Wizard of Oz,tt0422778
9863,The Wonderful Wizard of Oz,0851703003,Tom and Jerry and the Wizard of Oz,tt2027255
9863,The Wonderful Wizard of Oz,0851703003,The Witches of Oz,tt1592287
6076,The World of Henry Orient,0226142817,The World of Henry Orient,tt0058756
278,The Wrong Box,1565842219,The Wrong Box,tt0061204
N/A,Yaju no seishun,N/A,Youth of the Beast,tt0057697
2536,The Year of the Angry Rabbit,1860465021,Night of the Lepus,tt0069005
2104,The Year of the Horse,0060977108,The Horse in the Gray Flannel Suit,tt0063091
N/A,Yellowstone Kelly,N/A,Yellowstone Kelly,tt0053457
N/A,Les yeux sans visage (The Eyes Without a Face),N/A,Eyes Without a Face,tt0053459
N/A,Yield to the Night,N/A,Yield to the Night,tt0049019
N/A,You're Best Alone,N/A,Guilt Is My Shadow,tt0160336
N/A,Your Ticket Is No Longer Valid,N/A,Your Ticket Is No Longer Valid,tt0080164
N/A,Young Man of Manhattan,N/A,Young Man of Manhattan,tt0021568
2900,The Story of Zarak Khan,0747566755,Zarak,tt0051219
N/A,Zona Zamfirova,N/A,Zona Zamfirova,tt0326449
12059,The Accidental Tourist,0373760035,The Accidental Tourist,tt0094606
2958,Adventures of Huckleberry Finn,0486443221,Huckleberry Finn,tt0011313
4465,The Adventures of Pinocchio,1842055062,The Adventures of Pinocchio,tt0278332
3595,The Adventures of Sherlock Holmes,0448409577,The Adventures of Sherlock Holmes,tt0278332
4465,The Adventures of Tom Sawyer,1842055062,Tom Sawyer,tt0255651
N/A,Almayer's Folly,N/A,Hanyut,tt1823126
16299,And Then There Were None,0312330871,And Then There Were None,tt0072263
16299,And Then There Were None,0312330871,Ten Little Indians,tt0061075
5472,Animal Farm,0151010269,Animal Farm,tt0047834
151,Anna Karenina,0143035002,Anna Karenina,tt0075476
2686,The Antagonists,0192834428,Masada,tt0081900
N/A,Appointment with Venus,N/A,Appointment with Venus,tt0043293
826,The BFG,0380816032,The BFG,tt0096866
3685,Black Beauty,0439228905,Black Beauty,tt0011973
N/A,Le Blé en herbe,N/A,Le Blé en herbe,tt0046794
3650,The Body Snatchers,0330488155,Body Snatchers,tt0106452
16593,The Bonfire of the Vanities,0803266553,The Bonfire of the Vanities,tt0099165
1110,The Borrowers,0385340540,The Borrowers,tt0069817
5129,Brave New World,0060929871,Brave New World,tt0080468
9888,Breakfast of Champions,0140274111,Breakfast of Champions,tt0120618
10034,The Bridge of San Luis Rey,0679738959,The Bridge of San Luis Rey,tt0019722
10826,Charlotte's Web,0061228745,Charlotte's Web,tt0070016
N/A,La comtesse de Cagliostro,N/A,Arsène Lupin,tt0006373
N/A,A Connecticut Yankee in King Arthur's Court,N/A,A Connecticut Yankee in King Arthur's Court,tt0006373
2998,The Constant Gardener,0517189607,The Constant Gardener,tt0387131
6693,Fantastic Mr Fox,0375822070,Fantastic Mr. Fox,tt0432283
31462,Far from the Madding Crowd,0451528565,Far from the Madding Crowd,tt0325357
2022,The Final Programme,1420926713,The Final Programme,tt0070289
N/A,Flowers in the Attic,N/A,Flowers in the Attic,tt0093036
N/A,Force 10 From Navarone,N/A,Force 10 from Navarone,tt0077572
4656,The Fourth Protocol,0345463153,The Fourth Protocol,tt0093044
N/A,Get Shorty,N/A,Get Shorty,tt0113161
2619,Great Expectations,0141439564,Great Expectations,tt0008029
2998,The Green Years,0517189607,The Green Years,tt0038578
21782,Headhunters,0446300004,Monte Carlo,tt1067774
3692,The Heart of the Matter,0099478420,The Heart of the Matter,tt0047066
N/A,The Heaven Sword and Dragon Saber,N/A,Heaven Sword and Dragon Sabre,tt0077664
93,Heidi,0753454947,Heidi,tt0028988
2899,The Howling,0140105832,The Howling,tt0082533
3650,The Human Stain,0330488155,The Human Stain,tt0308383
30597,The Hunchback of Notre-Dame (Notre-Dame de Paris () ),0451527887,The Hunchback of Notre Dame,tt0241776
N/A,Im Westen Nichts Neues (All Quiet on the Western Front),N/A,The Road Back,tt0029491
N/A,An Imperfect Lover,N/A,Cynara,tt0029491
29981,The Island of Doctor Moreau,0553214322,The Island of Dr. Moreau,tt0116654
N/A,Jude the Obscure,N/A,Jude the Obscure,tt0066674
11566,The Killer Inside Me,0451933028,The Killer Inside Me,tt0074746
N/A,Lady Audley's Secret,N/A,Lady Audley's Secret,tt0005594
2319,The Lair of the White Worm,0440802504,The Lair of the White Worm,tt0005594
N/A,Lassie Come-Home,N/A,Lassie,tt0110305
N/A,Les Liaisons dangereuses (The Dangerous Liaisons),N/A,Valmont,tt0098575
14054,The Little Drummer Girl,0747573646,The Little Drummer Girl,tt0087629
12194,Lord Jim,1551111721,Lord Jim,tt0016037
110,The Lords of Discipline,0765353709,The Lords of Discipline,tt0085867
2978,Lost Horizon,0060594527,Lost Horizon,tt0029162
13752,The Mayor of Casterbridge,0679761063,The Mayor of Casterbridge,tt0333889
7480,The Girl with the Dragon Tattoo,0375704531,The Girl Who Played with Fire,tt1216487
N/A,A Mother's Gift,N/A,Brave New Girl,tt0403118
N/A,Mrs. Frisby and the Rats of NIMH,N/A,The Secret of NIMH,tt0403118
N/A,The Mystery of Edwin Drood (unfinished),N/A,The Mystery of Edwin Drood,tt0107636
10503,The Mysterious Island (The Mysterious Island),0156030438,Mysterious Island,tt0112089
408,The Name of the Rose,0679722955,The Name of the Rose,tt0091605
6176,The Naked and the Dead,0349100470,The Naked and the Dead,tt0051978
1620,The Neverending Story,0316156507,The NeverEnding Story,tt0088323
5471,Nineteen Eighty-Four,0452284236,Nineteen Eighty-Four,tt0087803
N/A,Odyssey,N/A,The Odyssey,tt0118414
12505,The Old Curiosity Shop,0679642420,The Old Curiosity Shop,tt0338301
N/A,One Thousand and One Nights,N/A,1001 Arabian Nights,tt0052527
5354,The Other Boleyn Girl,0385339674,The Other Boleyn Girl,tt0357392
21931,The Other Side of Midnight,0553452118,The Other Side of Midnight,tt0076507
N/A,Our Man in Havana,N/A,Our Man in Havana,tt0054152
N/A,Pan Wolodyjowski (Fire in the Steppe),N/A,Colonel Wolodyjowski,tt0064785
N/A,"Peter Pan, or The Boy Who Wouldn't Grow Up",N/A,Neverland,tt0349880
45639,Poodle Springs,0060878827,Poodle Springs,tt0145400
10739,The Poseidon Adventure,0375701966,Poseidon,tt0145400
1888,Pride and Prejudice,0192802380,Pride and Prejudice,tt0145400
3690,The Prince and the Pauper,0142437301,A Modern Twain Story: The Prince and the Pauper,tt0874424
1518,The Quiet American,019513592X,The Quiet American,tt0052106
40459,Ragtime,0553026003,Ragtime,tt0082970
2761,The Remains of the Day,0684832402,The Remains of the Day,tt0107943
N/A,Riders of the Purple Sage,N/A,Riders of the Purple Sage,tt0009552
N/A,Ripley Under Ground,N/A,Ripley Under Ground,tt0219171
N/A,Ripley's Game,N/A,Ripley's Game,tt0265651
110,The Road,0765353709,The Road,tt0898367
4796,The Rules of Attraction,0143039482,The Rules of Attraction,tt0292644
N/A,Tarzan,N/A,The Son of Tarzan,tt0011717
3072,The Terminal Man,0374521026,The Terminal Man,tt0072267
17646,The Thirty-Nine Steps,0385516681,The Thirty Nine Steps,tt0078389
2494,The Time Machine,0141439971,The Time Machine,tt0078389
N/A,Der Tod in Venedig (Death in Venice),N/A,Death in Venice,tt0067445
N/A,Le tour du monde en quatre-vingts jours (Around the World in Eighty Days),N/A,Around the World in Eighty Days,tt0010622
N/A,Le tour du monde en quatre-vingts jours (Around the World in Eighty Days),N/A,Around the World in 80 Days,tt0048960
295,Treasure Island,0753453800,Treasure Island,tt0009721
278,The Trial,1565842219,The Trial,tt0108388
N/A,Les Trois Mousquetaires (The Three Musketeers),N/A,The Three Musketeers,tt0240301
N/A,Walkabout (a.k.a. The Children),N/A,Walkabout,tt0067959
33555,What Dreams May Come,0765308703,What Dreams May Come,tt0120889
37625,Wide Sargasso Sea,184046268X,Wide Sargasso Sea,tt0108565
2319,The Winter of Our Discontent,0440802504,The Winter of Our Discontent,tt0086592
2319,The Witches of Eastwick,0440802504,The Witches of Eastwick,tt0094332
9863,The Wonderful Wizard of Oz,0851703003,The Wiz,tt0078504
9863,The Wonderful Wizard of Oz,0851703003,Lost in Oz,tt4677846
N/A,Zorba the Greek,N/A,Zorba the Greek,tt0057831
12059,The Accidental Tourist,0373760035,The Accidental Tourist,tt0094606
2958,Adventures of Huckleberry Finn,0486443221,Huckleberry Finn,tt0011313
4465,The Adventures of Pinocchio,1842055062,The Adventures of Pinocchio,tt0278332
3595,The Adventures of Sherlock Holmes,0448409577,The Adventures of Sherlock Holmes,tt0278332
4465,The Adventures of Tom Sawyer,1842055062,Tom Sawyer,tt0255651
N/A,Almayer's Folly,N/A,Hanyut,tt1823126
16299,And Then There Were None,0312330871,And Then There Were None,tt0072263
16299,And Then There Were None,0312330871,Ten Little Indians,tt0061075
5472,Animal Farm,0151010269,Animal Farm,tt0047834
151,Anna Karenina,0143035002,Anna Karenina,tt0075476
2686,The Antagonists,0192834428,Masada,tt0081900
N/A,Appointment with Venus,N/A,Appointment with Venus,tt0043293
826,The BFG,0380816032,The BFG,tt0096866
3685,Black Beauty,0439228905,Black Beauty,tt0011973
N/A,Le Blé en herbe,N/A,Le Blé en herbe,tt0046794
3650,The Body Snatchers,0330488155,Body Snatchers,tt0106452
16593,The Bonfire of the Vanities,0803266553,The Bonfire of the Vanities,tt0099165
1110,The Borrowers,0385340540,The Borrowers,tt0069817
5129,Brave New World,0060929871,Brave New World,tt0080468
9888,Breakfast of Champions,0140274111,Breakfast of Champions,tt0120618
10034,The Bridge of San Luis Rey,0679738959,The Bridge of San Luis Rey,tt0019722
10826,Charlotte's Web,0061228745,Charlotte's Web,tt0070016
N/A,La comtesse de Cagliostro,N/A,Arsène Lupin,tt0006373
N/A,A Connecticut Yankee in King Arthur's Court,N/A,A Connecticut Yankee in King Arthur's Court,tt0006373
2998,The Constant Gardener,0517189607,The Constant Gardener,tt0387131
6693,Fantastic Mr Fox,0375822070,Fantastic Mr. Fox,tt0432283
31462,Far from the Madding Crowd,0451528565,Far from the Madding Crowd,tt0325357
2022,The Final Programme,1420926713,The Final Programme,tt0070289
N/A,Flowers in the Attic,N/A,Flowers in the Attic,tt0093036
N/A,Force 10 From Navarone,N/A,Force 10 from Navarone,tt0077572
4656,The Fourth Protocol,0345463153,The Fourth Protocol,tt0093044
N/A,Get Shorty,N/A,Get Shorty,tt0113161
2619,Great Expectations,0141439564,Great Expectations,tt0008029
2998,The Green Years,0517189607,The Green Years,tt0038578
21782,Headhunters,0446300004,Monte Carlo,tt1067774
3692,The Heart of the Matter,0099478420,The Heart of the Matter,tt0047066
N/A,The Heaven Sword and Dragon Saber,N/A,Heaven Sword and Dragon Sabre,tt0077664
93,Heidi,0753454947,Heidi,tt0028988
2899,The Howling,0140105832,The Howling,tt0082533
3650,The Human Stain,0330488155,The Human Stain,tt0308383
30597,The Hunchback of Notre-Dame (Notre-Dame de Paris () ),0451527887,The Hunchback of Notre Dame,tt0241776
N/A,Im Westen Nichts Neues (All Quiet on the Western Front),N/A,The Road Back,tt0029491
N/A,An Imperfect Lover,N/A,Cynara,tt0029491
29981,The Island of Doctor Moreau,0553214322,The Island of Dr. Moreau,tt0116654
N/A,Jude the Obscure,N/A,Jude the Obscure,tt0066674
11566,The Killer Inside Me,0451933028,The Killer Inside Me,tt0074746
N/A,Lady Audley's Secret,N/A,Lady Audley's Secret,tt0005594
2319,The Lair of the White Worm,0440802504,The Lair of the White Worm,tt0005594
N/A,Lassie Come-Home,N/A,Lassie,tt0110305
N/A,Les Liaisons dangereuses (The Dangerous Liaisons),N/A,Valmont,tt0098575
14054,The Little Drummer Girl,0747573646,The Little Drummer Girl,tt0087629
12194,Lord Jim,1551111721,Lord Jim,tt0016037
110,The Lords of Discipline,0765353709,The Lords of Discipline,tt0085867
2978,Lost Horizon,0060594527,Lost Horizon,tt0029162
13752,The Mayor of Casterbridge,0679761063,The Mayor of Casterbridge,tt0333889
7480,The Girl with the Dragon Tattoo,0375704531,The Girl Who Played with Fire,tt1216487
N/A,A Mother's Gift,N/A,Brave New Girl,tt0403118
N/A,Mrs. Frisby and the Rats of NIMH,N/A,The Secret of NIMH,tt0403118
N/A,The Mystery of Edwin Drood (unfinished),N/A,The Mystery of Edwin Drood,tt0107636
10503,The Mysterious Island (The Mysterious Island),0156030438,Mysterious Island,tt0112089
408,The Name of the Rose,0679722955,The Name of the Rose,tt0091605
6176,The Naked and the Dead,0349100470,The Naked and the Dead,tt0051978
1620,The Neverending Story,0316156507,The NeverEnding Story,tt0088323
5471,Nineteen Eighty-Four,0452284236,Nineteen Eighty-Four,tt0087803
N/A,Odyssey,N/A,The Odyssey,tt0118414
12505,The Old Curiosity Shop,0679642420,The Old Curiosity Shop,tt0338301
N/A,One Thousand and One Nights,N/A,1001 Arabian Nights,tt0052527
5354,The Other Boleyn Girl,0385339674,The Other Boleyn Girl,tt0357392
21931,The Other Side of Midnight,0553452118,The Other Side of Midnight,tt0076507
N/A,Our Man in Havana,N/A,Our Man in Havana,tt0054152
N/A,Pan Wolodyjowski (Fire in the Steppe),N/A,Colonel Wolodyjowski,tt0064785
N/A,"Peter Pan, or The Boy Who Wouldn't Grow Up",N/A,Neverland,tt0349880
45639,Poodle Springs,0060878827,Poodle Springs,tt0145400
10739,The Poseidon Adventure,0375701966,Poseidon,tt0145400
1888,Pride and Prejudice,0192802380,Pride and Prejudice,tt0145400
3690,The Prince and the Pauper,0142437301,A Modern Twain Story: The Prince and the Pauper,tt0874424
1518,The Quiet American,019513592X,The Quiet American,tt0052106
40459,Ragtime,0553026003,Ragtime,tt0082970
2761,The Remains of the Day,0684832402,The Remains of the Day,tt0107943
N/A,Riders of the Purple Sage,N/A,Riders of the Purple Sage,tt0009552
N/A,Ripley Under Ground,N/A,Ripley Under Ground,tt0219171
N/A,Ripley's Game,N/A,Ripley's Game,tt0265651
110,The Road,0765353709,The Road,tt0898367
4796,The Rules of Attraction,0143039482,The Rules of Attraction,tt0292644
N/A,Tarzan,N/A,The Son of Tarzan,tt0011717
3072,The Terminal Man,0374521026,The Terminal Man,tt0072267
17646,The Thirty-Nine Steps,0385516681,The Thirty Nine Steps,tt0078389
2494,The Time Machine,0141439971,The Time Machine,tt0078389
N/A,Der Tod in Venedig (Death in Venice),N/A,Death in Venice,tt0067445
N/A,Le tour du monde en quatre-vingts jours (Around the World in Eighty Days),N/A,Around the World in Eighty Days,tt0010622
N/A,Le tour du monde en quatre-vingts jours (Around the World in Eighty Days),N/A,Around the World in 80 Days,tt0048960
295,Treasure Island,0753453800,Treasure Island,tt0009721
278,The Trial,1565842219,The Trial,tt0108388
N/A,Les Trois Mousquetaires (The Three Musketeers),N/A,The Three Musketeers,tt0240301
N/A,Walkabout (a.k.a. The Children),N/A,Walkabout,tt0067959
33555,What Dreams May Come,0765308703,What Dreams May Come,tt0120889
37625,Wide Sargasso Sea,184046268X,Wide Sargasso Sea,tt0108565
2319,The Winter of Our Discontent,0440802504,The Winter of Our Discontent,tt0086592
2319,The Witches of Eastwick,0440802504,The Witches of Eastwick,tt0094332
9863,The Wonderful Wizard of Oz,0851703003,The Wiz,tt0078504
9863,The Wonderful Wizard of Oz,0851703003,Lost in Oz,tt4677846
N/A,Zorba the Greek,N/A,Zorba the Greek,tt0057831
12059,The Accidental Tourist,0373760035,The Accidental Tourist,tt0094606
2958,Adventures of Huckleberry Finn,0486443221,Huckleberry Finn,tt0011313
4465,The Adventures of Pinocchio,1842055062,The Adventures of Pinocchio,tt0278332
3595,The Adventures of Sherlock Holmes,0448409577,The Adventures of Sherlock Holmes,tt0278332
4465,The Adventures of Tom Sawyer,1842055062,Tom Sawyer,tt0255651
N/A,Almayer's Folly,N/A,Hanyut,tt1823126
16299,And Then There Were None,0312330871,And Then There Were None,tt0072263
16299,And Then There Were None,0312330871,Ten Little Indians,tt0061075
5472,Animal Farm,0151010269,Animal Farm,tt0047834
151,Anna Karenina,0143035002,Anna Karenina,tt0075476
2686,The Antagonists,0192834428,Masada,tt0081900
N/A,Appointment with Venus,N/A,Appointment with Venus,tt0043293
826,The BFG,0380816032,The BFG,tt0096866
3685,Black Beauty,0439228905,Black Beauty,tt0011973
N/A,Le Blé en herbe,N/A,Le Blé en herbe,tt0046794
3650,The Body Snatchers,0330488155,Body Snatchers,tt0106452
16593,The Bonfire of the Vanities,0803266553,The Bonfire of the Vanities,tt0099165
1110,The Borrowers,0385340540,The Borrowers,tt0069817
5129,Brave New World,0060929871,Brave New World,tt0080468
9888,Breakfast of Champions,0140274111,Breakfast of Champions,tt0120618
10034,The Bridge of San Luis Rey,0679738959,The Bridge of San Luis Rey,tt0019722
10826,Charlotte's Web,0061228745,Charlotte's Web,tt0070016
N/A,La comtesse de Cagliostro,N/A,Arsène Lupin,tt0006373
N/A,A Connecticut Yankee in King Arthur's Court,N/A,A Connecticut Yankee in King Arthur's Court,tt0006373
2998,The Constant Gardener,0517189607,The Constant Gardener,tt0387131
6693,Fantastic Mr Fox,0375822070,Fantastic Mr. Fox,tt0432283
31462,Far from the Madding Crowd,0451528565,Far from the Madding Crowd,tt0325357
2022,The Final Programme,1420926713,The Final Programme,tt0070289
N/A,Flowers in the Attic,N/A,Flowers in the Attic,tt0093036
N/A,Force 10 From Navarone,N/A,Force 10 from Navarone,tt0077572
4656,The Fourth Protocol,0345463153,The Fourth Protocol,tt0093044
N/A,Get Shorty,N/A,Get Shorty,tt0113161
2619,Great Expectations,0141439564,Great Expectations,tt0008029
2998,The Green Years,0517189607,The Green Years,tt0038578
21782,Headhunters,0446300004,Monte Carlo,tt1067774
3692,The Heart of the Matter,0099478420,The Heart of the Matter,tt0047066
N/A,The Heaven Sword and Dragon Saber,N/A,Heaven Sword and Dragon Sabre,tt0077664
93,Heidi,0753454947,Heidi,tt0028988
2899,The Howling,0140105832,The Howling,tt0082533
3650,The Human Stain,0330488155,The Human Stain,tt0308383
30597,The Hunchback of Notre-Dame (Notre-Dame de Paris () ),0451527887,The Hunchback of Notre Dame,tt0241776
N/A,Im Westen Nichts Neues (All Quiet on the Western Front),N/A,The Road Back,tt0029491
N/A,An Imperfect Lover,N/A,Cynara,tt0029491
29981,The Island of Doctor Moreau,0553214322,The Island of Dr. Moreau,tt0116654
N/A,Jude the Obscure,N/A,Jude the Obscure,tt0066674
11566,The Killer Inside Me,0451933028,The Killer Inside Me,tt0074746
N/A,Lady Audley's Secret,N/A,Lady Audley's Secret,tt0005594
2319,The Lair of the White Worm,0440802504,The Lair of the White Worm,tt0005594
N/A,Lassie Come-Home,N/A,Lassie,tt0110305
N/A,Les Liaisons dangereuses (The Dangerous Liaisons),N/A,Valmont,tt0098575
14054,The Little Drummer Girl,0747573646,The Little Drummer Girl,tt0087629
12194,Lord Jim,1551111721,Lord Jim,tt0016037
110,The Lords of Discipline,0765353709,The Lords of Discipline,tt0085867
2978,Lost Horizon,0060594527,Lost Horizon,tt0029162
13752,The Mayor of Casterbridge,0679761063,The Mayor of Casterbridge,tt0333889
7480,The Girl with the Dragon Tattoo,0375704531,The Girl Who Played with Fire,tt1216487
N/A,A Mother's Gift,N/A,Brave New Girl,tt0403118
N/A,Mrs. Frisby and the Rats of NIMH,N/A,The Secret of NIMH,tt0403118
N/A,The Mystery of Edwin Drood (unfinished),N/A,The Mystery of Edwin Drood,tt0107636
10503,The Mysterious Island (The Mysterious Island),0156030438,Mysterious Island,tt0112089
408,The Name of the Rose,0679722955,The Name of the Rose,tt0091605
6176,The Naked and the Dead,0349100470,The Naked and the Dead,tt0051978
1620,The Neverending Story,0316156507,The NeverEnding Story,tt0088323
5471,Nineteen Eighty-Four,0452284236,Nineteen Eighty-Four,tt0087803
N/A,Odyssey,N/A,The Odyssey,tt0118414
12505,The Old Curiosity Shop,0679642420,The Old Curiosity Shop,tt0338301
N/A,One Thousand and One Nights,N/A,1001 Arabian Nights,tt0052527
5354,The Other Boleyn Girl,0385339674,The Other Boleyn Girl,tt0357392
21931,The Other Side of Midnight,0553452118,The Other Side of Midnight,tt0076507
N/A,Our Man in Havana,N/A,Our Man in Havana,tt0054152
N/A,Pan Wolodyjowski (Fire in the Steppe),N/A,Colonel Wolodyjowski,tt0064785
N/A,"Peter Pan, or The Boy Who Wouldn't Grow Up",N/A,Neverland,tt0349880
45639,Poodle Springs,0060878827,Poodle Springs,tt0145400
10739,The Poseidon Adventure,0375701966,Poseidon,tt0145400
1888,Pride and Prejudice,0192802380,Pride and Prejudice,tt0145400
3690,The Prince and the Pauper,0142437301,A Modern Twain Story: The Prince and the Pauper,tt0874424
1518,The Quiet American,019513592X,The Quiet American,tt0052106
40459,Ragtime,0553026003,Ragtime,tt0082970
2761,The Remains of the Day,0684832402,The Remains of the Day,tt0107943
N/A,Riders of the Purple Sage,N/A,Riders of the Purple Sage,tt0009552
N/A,Ripley Under Ground,N/A,Ripley Under Ground,tt0219171
N/A,Ripley's Game,N/A,Ripley's Game,tt0265651
110,The Road,0765353709,The Road,tt0898367
4796,The Rules of Attraction,0143039482,The Rules of Attraction,tt0292644
N/A,Tarzan,N/A,The Son of Tarzan,tt0011717
3072,The Terminal Man,0374521026,The Terminal Man,tt0072267
17646,The Thirty-Nine Steps,0385516681,The Thirty Nine Steps,tt0078389
2494,The Time Machine,0141439971,The Time Machine,tt0078389
N/A,Der Tod in Venedig (Death in Venice),N/A,Death in Venice,tt0067445
N/A,Le tour du monde en quatre-vingts jours (Around the World in Eighty Days),N/A,Around the World in Eighty Days,tt0010622
N/A,Le tour du monde en quatre-vingts jours (Around the World in Eighty Days),N/A,Around the World in 80 Days,tt0048960
295,Treasure Island,0753453800,Treasure Island,tt0009721
278,The Trial,1565842219,The Trial,tt0108388
N/A,Les Trois Mousquetaires (The Three Musketeers),N/A,The Three Musketeers,tt0240301
N/A,Walkabout (a.k.a. The Children),N/A,Walkabout,tt0067959
33555,What Dreams May Come,0765308703,What Dreams May Come,tt0120889
37625,Wide Sargasso Sea,184046268X,Wide Sargasso Sea,tt0108565
2319,The Winter of Our Discontent,0440802504,The Winter of Our Discontent,tt0086592
2319,The Witches of Eastwick,0440802504,The Witches of Eastwick,tt0094332
9863,The Wonderful Wizard of Oz,0851703003,The Wiz,tt0078504
9863,The Wonderful Wizard of Oz,0851703003,Lost in Oz,tt4677846
N/A,Zorba the Greek,N/A,Zorba the Greek,tt0057831
12059,The Accidental Tourist,0373760035,The Accidental Tourist,tt0094606
2958,Adventures of Huckleberry Finn,0486443221,Huckleberry Finn,tt0011313
4465,The Adventures of Pinocchio,1842055062,The Adventures of Pinocchio,tt0278332
3595,The Adventures of Sherlock Holmes,0448409577,The Adventures of Sherlock Holmes,tt0278332
4465,The Adventures of Tom Sawyer,1842055062,Tom Sawyer,tt0255651
N/A,Almayer's Folly,N/A,Hanyut,tt1823126
16299,And Then There Were None,0312330871,And Then There Were None,tt0072263
16299,And Then There Were None,0312330871,Ten Little Indians,tt0061075
5472,Animal Farm,0151010269,Animal Farm,tt0047834
151,Anna Karenina,0143035002,Anna Karenina,tt0075476
2686,The Antagonists,0192834428,Masada,tt0081900
N/A,Appointment with Venus,N/A,Appointment with Venus,tt0043293
826,The BFG,0380816032,The BFG,tt0096866
3685,Black Beauty,0439228905,Black Beauty,tt0011973
N/A,Le Blé en herbe,N/A,Le Blé en herbe,tt0046794
3650,The Body Snatchers,0330488155,Body Snatchers,tt0106452
16593,The Bonfire of the Vanities,0803266553,The Bonfire of the Vanities,tt0099165
1110,The Borrowers,0385340540,The Borrowers,tt0069817
5129,Brave New World,0060929871,Brave New World,tt0080468
9888,Breakfast of Champions,0140274111,Breakfast of Champions,tt0120618
10034,The Bridge of San Luis Rey,0679738959,The Bridge of San Luis Rey,tt0019722
10826,Charlotte's Web,0061228745,Charlotte's Web,tt0070016
N/A,La comtesse de Cagliostro,N/A,Arsène Lupin,tt0006373
N/A,A Connecticut Yankee in King Arthur's Court,N/A,A Connecticut Yankee in King Arthur's Court,tt0006373
2998,The Constant Gardener,0517189607,The Constant Gardener,tt0387131
6693,Fantastic Mr Fox,0375822070,Fantastic Mr. Fox,tt0432283
31462,Far from the Madding Crowd,0451528565,Far from the Madding Crowd,tt0325357
2022,The Final Programme,1420926713,The Final Programme,tt0070289
N/A,Flowers in the Attic,N/A,Flowers in the Attic,tt0093036
N/A,Force 10 From Navarone,N/A,Force 10 from Navarone,tt0077572
4656,The Fourth Protocol,0345463153,The Fourth Protocol,tt0093044
N/A,Get Shorty,N/A,Get Shorty,tt0113161
2619,Great Expectations,0141439564,Great Expectations,tt0008029
2998,The Green Years,0517189607,The Green Years,tt0038578
21782,Headhunters,0446300004,Monte Carlo,tt1067774
3692,The Heart of the Matter,0099478420,The Heart of the Matter,tt0047066
N/A,The Heaven Sword and Dragon Saber,N/A,Heaven Sword and Dragon Sabre,tt0077664
93,Heidi,0753454947,Heidi,tt0028988
2899,The Howling,0140105832,The Howling,tt0082533
3650,The Human Stain,0330488155,The Human Stain,tt0308383
30597,The Hunchback of Notre-Dame (Notre-Dame de Paris () ),0451527887,The Hunchback of Notre Dame,tt0241776
N/A,Im Westen Nichts Neues (All Quiet on the Western Front),N/A,The Road Back,tt0029491
N/A,An Imperfect Lover,N/A,Cynara,tt0029491
29981,The Island of Doctor Moreau,0553214322,The Island of Dr. Moreau,tt0116654
N/A,Jude the Obscure,N/A,Jude the Obscure,tt0066674
11566,The Killer Inside Me,0451933028,The Killer Inside Me,tt0074746
N/A,Lady Audley's Secret,N/A,Lady Audley's Secret,tt0005594
2319,The Lair of the White Worm,0440802504,The Lair of the White Worm,tt0005594
N/A,Lassie Come-Home,N/A,Lassie,tt0110305
N/A,Les Liaisons dangereuses (The Dangerous Liaisons),N/A,Valmont,tt0098575
14054,The Little Drummer Girl,0747573646,The Little Drummer Girl,tt0087629
12194,Lord Jim,1551111721,Lord Jim,tt0016037
110,The Lords of Discipline,0765353709,The Lords of Discipline,tt0085867
2978,Lost Horizon,0060594527,Lost Horizon,tt0029162
13752,The Mayor of Casterbridge,0679761063,The Mayor of Casterbridge,tt0333889
7480,The Girl with the Dragon Tattoo,0375704531,The Girl Who Played with Fire,tt1216487
N/A,A Mother's Gift,N/A,Brave New Girl,tt0403118
N/A,Mrs. Frisby and the Rats of NIMH,N/A,The Secret of NIMH,tt0403118
N/A,The Mystery of Edwin Drood (unfinished),N/A,The Mystery of Edwin Drood,tt0107636
10503,The Mysterious Island (The Mysterious Island),0156030438,Mysterious Island,tt0112089
408,The Name of the Rose,0679722955,The Name of the Rose,tt0091605
6176,The Naked and the Dead,0349100470,The Naked and the Dead,tt0051978
1620,The Neverending Story,0316156507,The NeverEnding Story,tt0088323
5471,Nineteen Eighty-Four,0452284236,Nineteen Eighty-Four,tt0087803
N/A,Odyssey,N/A,The Odyssey,tt0118414
12505,The Old Curiosity Shop,0679642420,The Old Curiosity Shop,tt0338301
N/A,One Thousand and One Nights,N/A,1001 Arabian Nights,tt0052527
5354,The Other Boleyn Girl,0385339674,The Other Boleyn Girl,tt0357392
21931,The Other Side of Midnight,0553452118,The Other Side of Midnight,tt0076507
N/A,Our Man in Havana,N/A,Our Man in Havana,tt0054152
N/A,Pan Wolodyjowski (Fire in the Steppe),N/A,Colonel Wolodyjowski,tt0064785
N/A,"Peter Pan, or The Boy Who Wouldn't Grow Up",N/A,Neverland,tt0349880
45639,Poodle Springs,0060878827,Poodle Springs,tt0145400
10739,The Poseidon Adventure,0375701966,Poseidon,tt0145400
1888,Pride and Prejudice,0192802380,Pride and Prejudice,tt0145400
3690,The Prince and the Pauper,0142437301,A Modern Twain Story: The Prince and the Pauper,tt0874424
1518,The Quiet American,019513592X,The Quiet American,tt0052106
40459,Ragtime,0553026003,Ragtime,tt0082970
2761,The Remains of the Day,0684832402,The Remains of the Day,tt0107943
N/A,Riders of the Purple Sage,N/A,Riders of the Purple Sage,tt0009552
N/A,Ripley Under Ground,N/A,Ripley Under Ground,tt0219171
N/A,Ripley's Game,N/A,Ripley's Game,tt0265651
110,The Road,0765353709,The Road,tt0898367
4796,The Rules of Attraction,0143039482,The Rules of Attraction,tt0292644
N/A,Tarzan,N/A,The Son of Tarzan,tt0011717
3072,The Terminal Man,0374521026,The Terminal Man,tt0072267
17646,The Thirty-Nine Steps,0385516681,The Thirty Nine Steps,tt0078389
2494,The Time Machine,0141439971,The Time Machine,tt0078389
N/A,Der Tod in Venedig (Death in Venice),N/A,Death in Venice,tt0067445
N/A,Le tour du monde en quatre-vingts jours (Around the World in Eighty Days),N/A,Around the World in Eighty Days,tt0010622
N/A,Le tour du monde en quatre-vingts jours (Around the World in Eighty Days),N/A,Around the World in 80 Days,tt0048960
295,Treasure Island,0753453800,Treasure Island,tt0009721
278,The Trial,1565842219,The Trial,tt0108388
N/A,Les Trois Mousquetaires (The Three Musketeers),N/A,The Three Musketeers,tt0240301
N/A,Walkabout (a.k.a. The Children),N/A,Walkabout,tt0067959
33555,What Dreams May Come,0765308703,What Dreams May Come,tt0120889
37625,Wide Sargasso Sea,184046268X,Wide Sargasso Sea,tt0108565
2319,The Winter of Our Discontent,0440802504,The Winter of Our Discontent,tt0086592
2319,The Witches of Eastwick,0440802504,The Witches of Eastwick,tt0094332
9863,The Wonderful Wizard of Oz,0851703003,The Wiz,tt0078504
9863,The Wonderful Wizard of Oz,0851703003,Lost in Oz,tt4677846
N/A,Zorba the Greek,N/A,Zorba the Greek,tt0057831
