books,movies,imdb_id,isbn
The A.B.C. Murders,The Alphabet Murders,tt0060094,0515128821
À ton image,À ton image,tt0307343,2253142441
About Schmidt,About Schmidt,tt0257360,0452286352
Across 110th,Across 110th Street,tt0068168,0375725970
"Adam Resurrected (Man, Son of a Dog)",Adam Resurrected,tt0479341,0812555244
The Adventures of Captain Alatriste (Las aventuras del Capitán Alatriste),Alatriste,tt0395119,3791329286
The Adventures of Hajji Baba of Ispahan,The Adventures of Hajji Baba,tt0046683,0141805617
Adventures of Huckleberry Finn,Huck and Tom,tt0009209,0060080833
Adventures of Huckleberry Finn,Back to Hannibal: The Return of Tom Sawyer and Huckleberry Finn,tt0099087,0060080833
Adventures of Huckleberry Finn,Tom and Huck,tt0112302,0060080833
The Adventures of Pinocchio,Pinocchio in Outer Space,tt0186449,185715018X
The Adventures of Pinocchio,Pinocchio and the Emperor of the Night,tt0093743,185715018X
The Adventures of Pinocchio,964 Pinocchio,tt0225009,185715018X
The Adventures of Pinocchio,Pinocchio's Revenge,tt0117342,185715018X
The Adventures of Pinocchio,Geppetto,ch0028761,185715018X
The Adventures of Pinocchio,A.I. Artificial Intelligence,tt0212720,185715018X
The Adventures of Pinocchio,Pinocchio 3000,tt0332318,185715018X
Advise and Consent,Advise & Consent,tt0055728,0143039156
Aelita,Aelita,tt0014646,0099416158
"After Dark, My Sweet",My Sweet,tt0244072,0375413901
After Hours,Carlito's Way,tt0106519,0375413901
After the Funeral,Murder at the Gallop,tt0057334,0375413901
Aimez-vous Brahms?,Jahan Tum Le Chalo,tt0439641,0812971450
Airport,Airport 1975,tt0071110,0941423646
Airport,Airport '77,tt0075648,0941423646
Airport,The Concorde ... Airport '79,tt0078740,0941423646
Allan Quatermain,Allan Quatermain and the Lost City of Gold,tt0092534,0743428676
All the Brothers Were Valiant,All the Brothers Were Valiant,tt0045494,0142437689
All the Brothers Were Valiant,Across to Singapore,tt0018618,0142437689
All You Need Is Kill,Edge of Tomorrow,tt1631867,0671027123
Always Another Dawn,Always Another Dawn,tt0039147,0064407314
"Always Outnumbered, Always Outgunned",Always Outnumbered,tt0146425,0060741872
El Amante Bilingüe (The Bilingual Lover),El Amante Bilingüe,tt0106251,0425213471
El Amateur (The Amateur),El Amateur,tt0202223,0060080833
American Knees,Americanese,tt0402763,0449001172
The Americanization of Emily,The Americanization of Emily,tt0057840,0852237510
Amerika,Intervista,tt0093267,0156007479
El Amor infiel (The Unfaithful Love),El Amor infiel,tt0190966,0312354959
Amos Judd,The Young Rajah,tt0013802,2879291488
Anatomy of a Murder,Anatomy of a Murder,tt0052561,1415918090
And Now Tomorrow,And Now Tomorrow,tt0036599,1590171241
And Then There Were None,Gumnaam,tt0247394,0140444572
And Then There Were None,Desyat Negrityat,tt0092879,0140444572
The Anderson Tapes,The Anderson Tapes,tt0066767,0679446699
Andromeda: A Space-Age Tale,The Andromeda Nebula,tt0278781,1401212352
Angel Square,Angel Square,tt0101348,1593083238
Angélique,Marvelous Angelique,tt0058343,2290011150
Angélique,Angelique and the King,tt0058909,2290011150
Angélique,Untamable Angelique,tt0061819,2290011150
Angélique,Angelique and the Sultan,tt0061357,2290011150
Anglo-Saxon Attitudes,Anglo-Saxon Attitudes,tt0204136,0140143955
Die Angst des Tormanns beim Elfmeter (The Goalkeeper's Fear of the Penalty),The Goalkeeper's Fear of the Penalty,tt0066773,3404283368
Un animal doué de raison (A Sentient Animal),The Day of the Dolphin,tt0069946,074347788X
Anna and the King of Siam,Anna and the King,tt0166485,0140274235
Anna to the Infinite Power,Anna to the Infinite Power,tt0085169,0836210360
Anne of Green Gables,Anne of Green Gables: The Continuing Story,tt0158466,1593083238
Anne of Green Gables,Anne of Green Gables: A New Beginning,tt1063034,1593083238
Anthony Adverse,Anthony Adverse,tt0027300,0140714537
Antikiller (Антикиллер),Antikiller,tt0325005,0060080833
Antonieta,Antonieta,tt0083567,1900826240
A Job for Jenny,Apartment for Peggy,tt0040104,0747518459
The Apocalypse Watch,The Apocalypse Watch,tt0120027,0852237510
The Apple Dumpling Gang,The Apple Dumpling Gang Rides Again,tt0078790,0739309056
Ascenseur pour l'échafaud (Lift to the Scaffold),Elevator to the Gallows,tt0051378,8478713808
Asking for Trouble,The Wedding Date,tt0372532,0618048235
"The Assassination Bureau, Ltd",The Assassination Bureau,tt0064045,1581346085
The Assassination of Jesse James by the Coward Robert Ford,The Assassination of Jesse James by the Coward Robert Ford,tt0443680,1581346085
The Astronauts,First Spaceship on Venus,tt0053250,078685149X
The Auction Block,The Auction Block,tt0016616,0852237510
Away All Boats,Away All Boats,tt0048971,843221728X
Babylon Babies,Babylon A.D.,tt0364970,0449204146
Background to Danger,Background to Danger,tt0035659,0375700234
"Baise-moi(1999),",Baise-moi,tt0249380,0375700234
The Ballad of the Flim-Flam Man,The Flim-Flam Man,tt0061678,1861974426
Band of Angels,Band of Angels,tt0050166,0151012970
Bank Shot,Bank Shot,tt0071194,1400043662
Banner in the Sky,Third Man on the Mountain,tt0053352,0375700234
The Barefoot Mailman,The Barefoot Mailman,tt0043319,0066619912
The Battle of the Villa Fiorita,The Battle of the Villa Fiorita,tt0058949,0066619912
Battle Royale,Battle Royale II: Requiem,tt0338763,1415918090
Be Cool,Be Cool,tt0377471,1593270038
The Beast Master,The Beastmaster,tt0083630,0439443369
The Beast Master,Beastmaster 2: Through the Portal of Time,tt0101412,0439443369
The Beast Master,Beastmaster III: The Eye of Braxus,tt0112469,0439443369
Beau Geste,Beau Hunks,tt0021646,0060594357
Beau Geste,Follow That Camel,tt0061680,0060594357
Beau Geste,The Last Remake of Beau Geste,tt0076297,0060594357
Beer and Blood: The Story of a Couple o' Wrong Guys,The Public Enemy,tt0022286,0142003719
Being There,Being There,tt0078841,0131177052
Bel Ami,The Private Affairs of Bel Ami,tt0039735,0060882034
Belli Moda (Silver Cloud),Belli Moda,tt0231246,1417647116
Bellman and True,Bellman and True,tt0092636,843221728X
Benjamin Blake,Son of Fury: The Story of Benjamin Blake,tt0035360,0812971450
Benjamin Blake,Treasure of the Golden Condor,tt0046457,0812971450
La Bête humaine,Human Desire,tt0047101,0318634872
La Bête humaine,La Bestia humana,tt0201478,0318634872
La Bête humaine,Cruel Train,tt0174564,0318634872
The Betsy,The Betsy,tt0077228,078685149X
Beyond the Forest: The Story of a Man and Woman Destroyed by Love,Beyond the Forest,tt0041172,0761327053
Beyond This Place,Web of Evidence,tt0052623,0812971450
Beyond This Place,Poola Rangadu,tt0263879,0812971450
Big Fish: A Novel of Mythic Proportions,Big Fish,tt0319061,0679731377
The Big Sleep,The Big Lebowski,tt0118715,0786855010
Biggles,It Couldn't Happen Here,tt0093284,0340878754
Billion-Dollar Brain,Billion Dollar Brain,tt0061405,1568581491
Billy Bathgate,Billy Bathgate,tt0101453,2070709043
The Bitter Tea of General Yen,The Bitter Tea of General Yen,tt0023814,0066619912
Black Narcissus,Black Narcissus,tt0039192,843221728X
The Black Rose,The Black Rose,tt0042256,0140621628
The Black Stallion,The Black Stallion Returns,tt0085248,0066619912
The Black Stallion,The Young Black Stallion,tt0318850,0066619912
The Blackboard Jungle,Blackboard Jungle,tt0047885,0140621628
The Blank Wall,The Reckless Moment,tt0041786,0142437689
Bless the Child,Bless the Child,tt0163983,0838814603
Blue Fin,Blue Fin,tt0077249,0802757480
The Body Snatchers,Invasion of the Pod People,tt1027698,078685149X
The Border Jumpers,Man of the West,tt0051899,0786855010
Boy on a Dolphin,Boy on a Dolphin,tt0050208,0871136791
The Bravados,The Bravados,tt0051433,078685149X
The Brave Cowboy,Lonely Are the Brave,tt0056195,0852237510
The Brave Little Toaster: A Bedtime Story for Small Appliances,The Brave Little Toaster,tt0092695,0142003565
The Brave Little Toaster: A Bedtime Story for Small Appliances,The Brave Little Toaster Goes to Mars,tt0147926,0142003565
The Brave Little Toaster: A Bedtime Story for Small Appliances,The Brave Little Toaster to the Rescue,tt0163986,0142003565
Breakfast with Scot,Breakfast with Scot,tt0910847,0821746219
Breaking Smith's Quarter Horse,Smith!,tt0065003,0500281335
The Bride Wore Black,The Bride Wore Black,tt0061955,0066619912
The Bridges at Toko-Ri,The Bridges at Toko-Ri,tt0046806,0439443369
Bringing Out the Dead,Bringing Out the Dead,tt0163988,089658321X
Brødre i Blodet (Brothers by Blood),Elling,tt0279064,0786855037
Brødre i Blodet (Brothers by Blood),Elsk meg i morgen,tt0472767,0786855037
Buddwing,Mister Buddwing,tt0059453,0151012970
[[Louis L'Amour#Novels - The Burning Hills,The Burning Hills,tt0049036,0300108486
But Gentlemen Marry Brunettes,Gentlemen Marry Brunettes,tt0048111,0310330513
BUtterfield 8,BUtterfield 8,tt0053622,006075186X
By the Great Horn Spoon!,The Adventures of Bullwhip Griffin,tt0061333,0143038311
Call for the Dead,The Deadly Affair,tt0061556,1400043662
Call It Treason,Decision Before Dawn,tt0043459,0312424671
Captain Blood: His Odyssey,Fortunes of Captain Blood,tt0042474,0064441768
Captain Blood: His Odyssey,Captain Pirate,tt0044475,0064441768
Captain Blood: His Odyssey,The Son of Captain Blood,tt0054875,0064441768
A Captive in the Land,A Captive in the Land,tt0099219,0140436073
The Captives,The Tall T,tt0051047,0439443369
"Car, Boy, Girl",The Love Bug,tt0064603,3407788193
"Car, Boy, Girl",Herbie Rides Again,tt0071607,3407788193
"Car, Boy, Girl",Herbie Goes to Monte Carlo,tt0076137,3407788193
"Car, Boy, Girl",Herbie: Fully Loaded,tt0400497,3407788193
Carlito's Way,Carlito's Way: Rise to Power,tt0427038,1419950584
The Carpetbaggers,Nevada Smith,tt0060748,078685149X
La Casa de los Espíritus (The House of the Spirits),The House of the Spirits,tt0107151,8466617116
A Case of Need,The Carey Treatment,tt0068337,0140274235
Case File: FBI,Down Three Dark Streets,tt0046928,0060727535
Car Chaser,Cat Chaser,tt0097028,0679767096
The Caveman's Valentine,The Caveman's Valentine,tt0182000,0140367438
Changhen Ge,Everlasting Regret,tt0475263,1593083238
Charlie and the Chocolate Factory,Willy Wonka & the Chocolate Factory,tt0067992,0140054715
Charlie M,Charlie Muffin,tt0078956,0449001172
Chateau Bon Vivant,Snowball Express,tt0069291,1590511263
The Cheetah Girls,The Cheetah Girls 2,tt0800318,0439443369
The Cheetah Girls,The Cheetah Girls: One World,tt1013542,0439443369
The Children of Men,Children of Men,tt0206634,0786855010
Christmas at Candleshoe,Candleshoe,tt0075807,1933648279
Christmas Holiday,Christmas Holiday,tt0036711,0312288018
The Christmas Shoes,The Christmas Blessing,tt0756632,0439443369
The Christmas Shoes,The Christmas Hope,tt1384926,0439443369
Christopher Strong,Christopher Strong,tt0023891,0312425082
The Chronicles of Narnia,The Chronicles of Narnia: Prince Caspian,tt0499448,0061199001
The Chronicles of Narnia,The Chronicles of Narnia: The Voyage of the Dawn Treader,tt0980970,0061199001
The Cincinnati Kid,The Cincinnati Kid,tt0059037,0140367438
Cinderella Liberty,Cinderella Liberty,tt0069883,1593081251
Cinq semaines en ballon (Five Weeks in a Balloon),Flight of the Lost Balloon,tt0054883,1578066107
The Circus of Dr. Lao,7 Faces of Dr. Lao,tt0057812,0439443369
Cirque Du Freak: The Saga of Darren Shan,Cirque du Freak: The Vampire's Assistant,tt0450405,0345331052
The City of Ember,City of Ember,tt0970411,0852237510
Ku Klux Klan Trilogy,The Fall of a Nation,tt0006664,0141013451
El Club Dumas (The Club Dumas),The Ninth Gate,tt0142688,1845760654
Cockfighter,Cockfighter,tt0071338,0312876629
Cocoon,Cocoon: The Return,tt0094890,014118258X
Coins in the Fountain,Coins in the Fountain,tt0099284,0140137009
The Color of Money,The Color of Money,tt0090863,0852237510
The Colors of the Day,The Man Who Understood Women,tt0053043,1861974426
Colossus,Colossus: The Forbin Project,tt0064177,0764586718
Comrades,Bolshevism on Trial,tt0009950,0192834673
Le comte de Monte Cristo (The Count of Monte Cristo),Mask of the Avenger,tt0043790,0964366568
Le comte de Monte Cristo (The Count of Monte Cristo),The Treasure of Monte Cristo,tt0055544,0964366568
Le comte de Monte Cristo (The Count of Monte Cristo),Padayottam,tt0215023,0964366568
Le comte de Monte Cristo (The Count of Monte Cristo),Veta,tt0246313,0964366568
[[Louis L'Amour#Novels - Conagher,Conagher,tt0101609,0964366568
A Connecticut Yankee in King Arthur's Court,A Kid in King Arthur's Court,tt0113538,0864424655
A Connecticut Yankee in King Arthur's Court,A Knight in Camelot,tt0176892,0864424655
Coroner Creek,Coroner Creek,tt0040245,0735611319
The Cowboys,The Cowboys,tt0068421,0852237510
Cutter and Bone,Cutter's Way,tt0082220,0099416158
Cyborg,The Six Million Dollar Man,tt0070700,0385732597
Eaters of the Dead,The 13th Warrior,tt0120657,8466318771
Eddie and the Cruisers,Eddie and the Cruisers,tt0085475,0143039156
Elephant Walk,Elephant Walk,tt0046951,0061122181
Emma,Clueless,tt0112697,1594480672
Emotional Arithmetic,Emotional Arithmetic,tt0861704,0439357918
Los Enemigos de la Mujer,Enemies of Women,tt0014021,8466630031
The Enemy Below,The Enemy Below,tt0050356,0852237510
The Entity,The Entity,tt0082334,0439443369
Escape to Witch Mountain,Return from Witch Mountain,tt0078158,1401881548
Escape to Witch Mountain,Beyond Witch Mountain,tt0249397,1401881548
Escape to Witch Mountain,Race to Witch Mountain,tt1075417,1401881548
The Evening Star,The Evening Star,tt0116240,0439443369
Everything Is Illuminated,Everything Is Illuminated,tt0404030,0752876821
"Evil Come, Evil Go",The Yellow Canary,tt0057700,0684838389
Executive Suite,Executive Suite,tt0046963,1857151992
Exit Wounds,Exit Wounds,tt0242445,8484034348
The Exorcist,The Exorcist,tt0070047,0439443369
The Exorcist,Exorcist II: The Heretic,tt0076009,0439443369
The Exorcist,The Exorcist III,tt0099528,0439443369
The Exorcist,Exorcist: The Beginning,tt0204313,0439443369
The Exorcist,Dominion: Prequel to the Exorcist,tt0449086,0439443369
Experiment Perilous,Experiment Perilous,tt0036807,0449001172
The Fair Bride,The Angel Wore Red,tt0053601,0066619912
False Witness,False Witness,tt1090903,0521293731
Father of the Bride,Father's Little Dividend,tt0043526,0142437255
Father of the Bride,Father of the Bride Part II,tt0113041,0142437255
Fear and Loathing in Las Vegas,Fear and Loathing in Las Vegas,tt0120669,0140110879
The Fellowship of the Ring,The Lord of the Rings: The Fellowship of the Ring,tt0120737,1861974426
La Femme et le pantin (The Woman and the Puppet),That Obscure Object of Desire,tt0075824,0767900952
Fiddler's Green,The Raging Tide,tt0043957,006058033X
Fight Club,Fight Club,tt0137523,1563899310
Firestarter,Firestarter: Rekindled,tt0297120,8466318771
First Blood,First Blood,tt0083944,1590170431
First Blood,Rambo: First Blood Part II,tt0089880,1590170431
First Blood,Rambo III,tt0095956,1590170431
First Blood,Rambo: Last Blood,tt1206885,1590170431
"First Love, Last Rites",Schmetterlinge,tt0096052,048642992X
The First Men in the Moon,A Trip to the Moon,tt0000417,0439443369
The First Wives Club,The First Wives Club,tt0116313,0439443369
Fletch,Fletch Lives,tt0097366,1421503190
Fletch Won,Fletch Won,tt0275354,0061122181
Flight of the Intruder,Flight of the Intruder,tt0099587,1933648279
The Food of the Gods and How It Came to Earth,Village of the Giants,tt0059878,1861974426
The Food of the Gods and How It Came to Earth,Food of the Gods II,tt0097371,1861974426
The Forbidden Territory,Forbidden Territory,tt0025131,0439443369
The Four Feathers,Storm Over the Nile,tt0048662,078685149X
The Fox and the Hound,The Fox and the Hound,tt0082406,1861974426
"F.P.1 Doesn't Answer (a.k.a. F.P.1, or F.P.1 Doesn't Respond)",F.P.1 antwortet nicht,tt0022869,1861974426
Frankenstein,Son of Frankenstein,tt0031951,0679602712
Frankenstein,The Ghost of Frankenstein,tt0034786,0679602712
Frankenstein,Abbott and Costello Meet Frankenstein,tt0040068,0679602712
Frankenstein,The Revenge of Frankenstein,tt0050894,0679602712
Frankenstein,The Evil of Frankenstein,tt0058073,0679602712
Frankenstein,Frankenstein Created Woman,tt0061683,0679602712
Frankenstein,Frankenstein Must Be Destroyed,tt0065738,0679602712
Frankenstein,The Horror of Frankenstein,tt0065851,0679602712
Frankenstein,Frankenstein and the Monster from Hell,tt0071519,0679602712
Frankenstein,Frankenstein 1970,tt0051630,0679602712
Frankenstein,The War of the Gargantuas,tt0060440,0679602712
Frankenstein,Dracula vs. Frankenstein,tt0067017,0679602712
Frankenstein,Blackenstein,tt0069795,0679602712
Frankenstein,Young Frankenstein,tt0072431,0679602712
Frankenstein,Frankenstein Unbound,tt0099612,0679602712
Frankenstein,House of Frankenstein 1997,tt0127378,0679602712
Fried Green Tomatoes at the Whistle Stop Cafe,Fried Green Tomatoes,tt0101921,0761327053
Friend,Deadly Friend,tt0090917,0143039156
From Here to Eternity,From Here to Eternity,tt0045793,8466318771
From the Earth to the Moon (From the Earth to the Moon),The Fabulous Baron Munchausen,tt0054665,1841190497
From the Terrace,From the Terrace,tt0053841,0586071393
The Fuzzy Pink Nightgown,The Fuzzy Pink Nightgown,tt0050422,0802757480
Game no na wa Yuukai (a.k.a. Geimu no na wa Yuukai (The Name of the Game is Kidnapping)),G@me,tt0431077,0802757480
The Garden of God,Return to the Blue Lagoon,tt0102782,0786855010
Gardens of Stone,Gardens of Stone,tt0093073,0345461622
Georgy Girl,Georgy Girl,tt0060453,0312288018
The Ghost,The Ghost Writer,tt0087331,0439443369
The Ghost and Mrs. Muir,The Ghost and Mrs. Muir,tt0039420,0140110879
The Girl from Petrovka,The Girl from Petrovka,tt0071554,0140231579
The Girls' Guide to Hunting and Fishing,Suburban Girl,tt0428579,0140110879
The Glass Inferno,The Towering Inferno,tt0072308,0852237510
Glory for Me,The Best Years of Our Lives,tt0036868,0141180943
The Gnomobile,The Gnome-Mobile,tt0061715,0852237510
The Godfather,The Godfather Part II,tt0071562,1861974426
The Godfather,The Godfather Part III,tt0099674,1861974426
The Gods Hate Kansas,They Came from Beyond Space,tt0062360,8466318771
The Good German,The Good German,tt0452624,0852237510
A Good Year,A Good Year,tt0401445,1555834531
"Goodbye Piccadilly, Farewell Leicester Square",Frenzy,tt0068611,1859847862
The Great Dinosaur Robbery,One of Our Dinosaurs Is Missing,tt0075016,078685149X
The Great Man,The Great Man,tt0049280,1861974426
The Great Santini,The Great Santini,tt0079239,078685149X
The Great West That Was,Rustlers of Red Dog,tt0026960,0142437689
The Greengage Summer,The Greengage Summer,tt0055098,0786855010
Grendel,Grendel Grendel Grendel,tt0082478,0156551446
Gulliver's Travels,The New Gulliver,tt0026793,0831727527
Guns of the Timberland,Guns of the Timberland,tt0053884,0312424914
Hababam Sınıfı,Hababam Sınıfı,tt0252487,0312424914
"Happy Dan, The Cynical Dog",Lady and the Tramp,tt0048280,1590171454
Harry Potter,Harry Potter and the Deathly Hallows – Part 1,tt0926084,8466318771
Harry Potter,Harry Potter and the Deathly Hallows – Part 2,tt1201607,8466318771
Hart's War,Hart's War,tt0251114,0786168471
The Harvest,The Return of Vasili Bortnikov,tt0045301,0439443369
Haunted Harbor,Haunted Harbor,tt0036900,0140620664
Hawk of the Wilderness,Hawk of the Wilderness,tt0030219,8466318771
He Ran All the Way,He Ran All the Way,tt0043625,185715018X
The Heaven Sword and Dragon Saber,The Hidden Power of the Dragon Sabre,tt0087406,0066619912
The Heaven Sword and Dragon Saber,Kung Fu Cult Master,tt0108624,0066619912
Heidi,Heidi and Peter,tt0048152,8466318771
Heidi,Heidi's Song,tt0084060,8466318771
Heidi,Heidi 4 Paws,tt1156448,8466318771
Hell House,The Legend of Hell House,tt0070294,843221728X
The Hellbound Heart,Hellraiser,tt0093177,0852237510
Heller with a Gun,Heller in Pink Tights,tt0053902,1401202454
"The History of Tom Jones, a Foundling",The Bawdy Adventures of Tom Jones,tt0074189,0852237510
A History of Violence,A History of Violence,tt0399146,0679731377
The Hobbit,The Hobbit: An Unexpected Journey,tt0903624,0439443369
The Hobbit,The Hobbit: The Desolation of Smaug,tt1170358,0439443369
The Hobbit,The Hobbit: The Battle of the Five Armies,tt2310332,0439443369
Horrid Henry,Horrid Henry: The Movie,tt1684555,8466318771
The Hound of Florence,The Shaggy D.A.,tt0075200,0852237510
The Hound of Florence,The Return of the Shaggy Dog,tt0093852,0852237510
The Howling,Howling III,tt0093227,0852237510
The Howling,Howling IV: The Original Nightmare,tt0095334,0852237510
The Howling,Howling V: The Rebirth,tt0097534,0852237510
The Howling,Howling VI: The Freaks,tt0102067,0852237510
The Howling,Howling: New Moon Rising,tt0113349,0852237510
The Hunchback of Notre-Dame (Notre-Dame de Paris () ),The Darling of Paris,tt0007839,0807210471
The Hunchback of Notre-Dame (Notre-Dame de Paris () ),Quasimodo d'El Paris,tt0163166,0807210471
The Hundred and One Dalmatians,102 Dalmatians,tt0211181,078685149X
The Hunger Games,The Hunger Games: Mockingjay – Part 1,tt1951265,078685149X
The Hunger Games,The Hunger Games: Mockingjay – Part 2,tt1951266,078685149X
The Hunter,Full Contact,tt0105851,0807210471
I Am Legend,The Omega Man,tt0067525,0752858505
I Know What You Did Last Summer,I Know What You Did Last Summer,tt0119345,1585675172
I Know What You Did Last Summer,I Still Know What You Did Last Summer,tt0130018,1585675172
I Know What You Did Last Summer,I'll Always Know What You Did Last Summer,tt0469111,1585675172
If I Die Before I Wake,The Lady from Shanghai,tt0040525,0066619912
"Immortality, Inc.",Freejack,tt0104299,0679752935
In Country,In Country,tt0097570,0761316809
The Incredible Journey,Homeward Bound: The Incredible Journey,tt0107131,0786855010
The Incredible Journey,Homeward Bound II: Lost in San Francisco,tt0116552,0786855010
Incubus,The Incubus,tt0084133,0140238131
Indian Country,The Return of a Man Called Horse,tt0075132,1415918090
Indian Country,Triumphs of a Man Called Horse,tt0084826,1415918090
Instruct My Sorrows,My Reputation,tt0038765,048642992X
The Investigation,Kojak: The Price of Justice,tt0091353,0439443369
The Invisible Man,The Invisible Man Returns,tt0032635,0439443369
The Invisible Man,Invisible Agent,tt0034902,0439443369
The Invisible Man,The Invisible Man's Revenge,tt0036959,0439443369
The Iron Man,The Iron Giant,tt0129167,078685149X
The Iron Trail,The Iron Trail,tt0012322,0140131965
The Island of Doctor Moreau,The Island of Doctor Agor,tt0309721,0786855010
Jack's Return Home,Get Carter,tt0067128,0060916516
Jane Eyre,Woman and Wife,tt0009831,1593083238
Jane Eyre,Orphan of Lowood,tt0017521,1593083238
Jane Eyre,Sangdil,tt0130991,1593083238
Jane Eyre,Shanti Nilayam,tt0390476,1593083238
Jaws,Jaws 2,tt0077766,1904316344
Jaws,Jaws 3-D,tt0085750,1904316344
Jaws,Jaws: The Revenge,tt0093300,1904316344
Jim Kane,Pocket Money,tt0069103,0330351745
Jimmy the Kid,Jimmy the Kid,tt0085756,0142437255
Journal d'un curé de campagne,Diary of a Country Priest,tt0042619,0312274920
A Journey to Matecumbe,Treasure of Matecumbe,tt0075347,0679731148
Journey to Shiloh,Journey to Shiloh,tt0063161,1401881548
Journey to the West,A Chinese Tall Story,tt0469050,0786855037
Journey to the West,The Forbidden Kingdom,tt0865556,0786855037
A Judgement in Stone,La Cérémonie,tt0112769,0099284766
Jumanji,Jumanji,tt0113497,1904316344
The Jungle Book,The Jungle Book 2,tt0283426,067102082X
The Jungle Book,The Second Jungle Book: Mowgli & Baloo,tt0120087,067102082X
The Jungle Book,Mowgli: The New Adventures of the Jungle Book,tt0147781,067102082X
Jupiter Laughs,Shining Victory,tt0034184,0312425864
Jurassic Park,The Lost World: Jurassic Park,tt0119567,0140620664
Jurassic Park,Jurassic Park III,tt0163025,0140620664
Kaitei Gunkan,Atragon,tt0057215,0156028522
The King's Damosel,Quest for Camelot,tt0120800,0439443369
Kings Row,Kings Row,tt0034946,0862786029
King Solomon's Mines,King Solomon's Treasure,tt0076270,0812971345
King Solomon's Mines,Allan Quatermain and the Temple of Skulls,tt1219671,0812971345
Kings Go Forth,Kings Go Forth,tt0051819,0755304853
The Klansman,The Klansman,tt0071721,185715018X
Kolchak: The Kolchak Papers,Crackle of Death,tt0166157,1401212484
Kowloon Tong,Chinese Box,tt0118851,0747267456
La lampe dans la fenêtre,Cordélia,tt0085365,030727411X
Lassie Come-Home,Lassie Come Home,tt0036098,0688149898
Lassie Come-Home,Courage of Lassie,tt0038427,0688149898
Lassie Come-Home,The Sun Comes Up,tt0040849,0688149898
Lassie Come-Home,Challenge to Lassie,tt0041238,0688149898
Lassie Come-Home,The Painted Hills,tt0043895,0688149898
Lassie Come-Home,The Magic of Lassie,tt0077890,0688149898
The Last Detail,The Last Detail,tt0070290,0807210471
The Last Hunt,The Last Hunt,tt0049432,0807210471
The Last Picture Show,The Last Picture Show,tt0067328,0852237510
Last Stand at Papago Wells,Apache Territory,tt0051369,089689293X
Last Stand at Saber River,Last Stand at Saber River,tt0119501,0312424914
The Law at Randado,Border Shootout,tt0097720,0140436073
Law Man,The Quiet Gun,tt0050874,0156032643
Lawyer Man,Lawyer Man,tt0023125,0156032643
Leaving Cheyenne,Lovin' Molly,tt0071780,1581348096
The Ledger,Get Christie Love!,tt0070990,0786855010
Left Behind,Left Behind II: Tribulation Force,tt0283644,0747251827
Les Liaisons dangereuses (The Dangerous Liaisons),Dangerous Liaisons,tt0094947,0373291779
Les Liaisons dangereuses (The Dangerous Liaisons),Cruel Intentions,tt0139134,0373291779
The Life Before Us (a. k. a. Momo),Madame Rosa,tt0076348,0066619912
A Lion Is in the Streets,A Lion Is in the Streets,tt0046002,0786855037
"The Life and Opinions of Tristram Shandy, Gentleman",A Cock and Bull Story,tt0423409,1581348096
The Lone Star Ranger,Lone Star Ranger,tt0034994,0786855010
The Fellowship of the Ring,The Lord of the Rings: The Two Towers,tt0167261,1861974426
The Fellowship of the Ring,The Lord of the Rings: The Return of the King,tt0167260,1861974426
The Lost Ones,The Island at the Top of the World,tt0071671,0439443369
The Lost Symbol,The Lost Symbol,tt1422137,0852237510
The Lost World,Return to the Lost World,tt0105249,0439443369
The Lost World,King of the Lost World,tt0478188,0439443369
Lottie and Lisa (Das doppelte Lottchen),The Parent Trap II,tt0091721,0349105308
Lottie and Lisa (Das doppelte Lottchen),Parent Trap III,tt0098066,0349105308
Lottie and Lisa (Das doppelte Lottchen),Parent Trap: Hawaiian Honeymoon,tt0098065,0349105308
Lottie and Lisa (Das doppelte Lottchen),Kuch Khatti Kuch Meethi,tt0271604,0349105308
Love Story,Oliver's Story,tt0078024,0340654163
The Luck of Barry Lyndon,Barry Lyndon,tt0072684,0140436073
Lunes de fiel,Bitter Moon,tt0104779,0060997028
The Lusty Men,The Lusty Men,tt0044860,0786855010
Madame Doubtfire (a.k.a. Alias Madame Doubtfire),Mrs. Doubtfire,tt0107614,0835608476
The Maddening,The Maddening,tt0113732,0143039156
"The Magic Bed Knob; or, How to Become a Witch in Ten Easy Lessons",Bedknobs and Broomsticks,tt0066817,0142003565
Martin Eden,The Adventures of Martin Eden,tt0034431,0061199001
Make Room! Make Room!,Soylent Green,tt0070723,0385721919
The Maltese Falcon,Satan Met a Lady,tt0028219,0066619912
The Maltese Falcon,The Black Bird,tt0072706,0066619912
The Man Called Noon,The Man Called Noon,tt0068870,1861974426
The Man in the Gray Flannel Suit,The Man in the Gray Flannel Suit,tt0049474,067102082X
The Man Who Fell to Earth,The Man Who Fell to Earth,tt0074851,1861974426
The Man Who Never Was,The Man Who Never Was,tt0049471,067102082X
The Man Without a Face,The Man Without a Face,tt0107501,1581346085
Man Without a Star,Man Without a Star,tt0048340,048642992X
The Mephisto Waltz,The Mephisto Waltz,tt0067419,0439443369
Mercy Island,Mercy Island,tt0033906,0671014919
Miami Mayhem,Tony Rome,tt0062380,0679721819
Midnight and Jeremiah,So Dear to My Heart,tt0041890,0618554599
A Midnight Clear,A Midnight Clear,tt0102443,0375700234
The Midwich Cuckoos,Children of the Damned,tt0056931,0439443369
"Mine-Haha, or On the Bodily Education of Young Girls",The Fine Art of Love: Mine Ha-Ha,tt0425186,4770015445
The Mirror Crack'd from Side to Side,The Mirror Crack'd,tt0081163,0066619912
Les Misérables,Ezhai Padum Padu,tt0260015,0156032643
Miss Lonelyhearts,Advice to the Lovelorn,tt0023741,0140620664
Moby-Dick,The Sea Beast,tt0017354,0810119110
Moby-Dick,Dot and the Whale,tt0090961,0810119110
Moby-Dick,Capitaine Achab,tt0398831,0810119110
Moby-Dick,Age of the Dragons,tt1594917,0810119110
Moderato Cantabile,Seven Days... Seven Nights,tt0054091,0385732597
The Molly Maguires,The Molly Maguires,tt0066090,843221728X
The Monster from Earth's End,The Navy vs. the Night Monsters,tt0060741,0852237510
Morpho Eugenia,Angels & Insects,tt0112365,0330307606
The Mortal Instruments,The Mortal Instruments: City of Bones,tt1538403,078685149X
The Mosquito Coast,The Mosquito Coast,tt0091557,0439443369
Mother Carey's Chickens,Summer Magic,tt00057542,0312425082
Mr. Hobbs' Vacation,Mr. Hobbs Takes a Vacation,tt0056255,0152051163
Mr. Limpet,The Incredible Mr. Limpet,tt0058230,1559362103
Mr. Winkle Goes to War,Mr. Winkle Goes to War,tt0037095,0521293731
Mrs. Frisby and the Rats of NIMH,The Secret of NIMH 2: Timmy to the Rescue,tt0171725,1860469868
Murder in Amityville,Amityville II: The Possession,tt0083550,1569473641
Murphy’s Romance: A Novel,Murphy's Romance,tt0089643,0393320030
My Philadelphia Father,The Happiest Millionaire,tt0061749,0140621628
My Friend Flicka,Green Grass of Wyoming,tt0040402,0140620664
My Friend Flicka,Flicka,tt0434215,0140620664
My Kingdom for a Woman,Abdulla the Great,tt0048922,0812971345
The Mysterious Island (The Mysterious Island),Journey 2: The Mysterious Island,tt1397514,1581346085
The Naked Country,The Naked Country,tt0087776,0786855010
Nest in a Fallen Tree,The Night Digger,tt0067486,0060586907
The Neverending Story,The NeverEnding Story II: The Next Chapter,tt0100240,0786855010
The Neverending Story,The NeverEnding Story III,tt0110647,0786855010
The Nick Adams Stories,Hemingway's Adventures of a Young Man,tt0056063,0439443369
Nights in Rodanthe,Nights in Rodanthe,tt0956038,0142437255
The Ninth Configuration,The Ninth Configuration,tt0081237,1581346085
No Down Payment,No Down Payment,tt0050771,019283388X
No Orchids for Miss Blandish,The Grissom Gang,tt0067162,0345468392
No Orchids for Miss Blandish,La Chair de l'orchidée,tt0071297,0345468392
Northern Lights,The Golden Compass,tt0385752,0439994128
The Notebook,The Notebook,tt0332280,0852237510
Nurse Matilda,Nanny McPhee,tt0396752,189188526X
Nurse Matilda,Nanny McPhee and the Big Bang,tt1415283,189188526X
Odd Man Out,Odd Man Out,tt0039677,0871136791
Odds Against Tomorrow,Odds Against Tomorrow,tt0053133,014044310X
Odyssey,Odysseus and the Isle of the Mists,tt0945580,0486406547
Oil!,There Will Be Blood,tt0469494,0486406547
Oliver Twist,Oliver & Company,tt0095776,006058033X
Oliver Twist,Boy called Twist,tt0461472,006058033X
Oms en série (Oms by the Dozen),Fantastic Planet,tt0070544,0701125594
On Stranger Tides,Pirates of the Caribbean: On Stranger Tides,tt1298650,0142437255
One More Spring,One More Spring,tt0026822,0385732597
Operation Terror,Experiment in Terror,tt0055972,074726743X
Out of Sight,Out of Sight,tt0120780,0449212963
Over the River,One More River,tt0025600,0515128821
The Ox-Bow Incident,The Ox-Bow Incident,tt0036244,0852237510
A Painted House,A Painted House,tt0362001,0140274235
The Painted Veil,The Seventh Sin,tt0050954,0439443369
Paris Blues,Paris Blues,tt0055278,0316182745
Pasó por aquí (Once in the Saddle),Four Faces West,tt0040370,0316013943
Percy Jackson & the Olympians,Percy Jackson & the Olympians: The Lightning Thief,tt0814255,0449210847
Pet Sematary,Pet Sematary Two,tt0105128,0307263711
"Peter Pan, or The Boy Who Wouldn't Grow Up",Return to Never Land,tt0280030,0786855037
"Peter Pan, or The Boy Who Wouldn't Grow Up",The Lost Boys,tt0093437,0786855037
"Peter Pan, or The Boy Who Wouldn't Grow Up",Tinker Bell and the Great Fairy Rescue,tt1216515,0786855037
"Peter Pan, or The Boy Who Wouldn't Grow Up",Pixie Hollow Games,tt1450334,0786855037
"Peter Pan, or The Boy Who Wouldn't Grow Up",Secret of the Wings,tt1217213,0786855037
The Philadelphian,The Young Philadelphians,tt0053462,078685149X
The Pickwick Papers,The Adventures of Mr. Pickwick,tt0315144,0515128821
"Pioneer, Go Home!",Follow That Dream,tt0055992,0440236738
La Planète des singes,Beneath the Planet of the Apes,tt0065462,8484412474
La Planète des singes,Escape from the Planet of the Apes,tt0067065,8484412474
La Planète des singes,Conquest of the Planet of the Apes,tt0068408,8484412474
La Planète des singes,Battle for the Planet of the Apes,tt0069768,8484412474
La Planète des singes,Rise of the Planet of the Apes,tt1318514,8484412474
Pleasure Island,The Girls of Pleasure Island,tt0045819,0312424671
Le Pont de la Rivière Kwaï,The Bridge on the River Kwai,tt0050212,2266129376
The Pope of Greenwich Village,The Pope of Greenwich Village,tt0087932,0066619912
Portnoy's Complaint,Portnoy's Complaint,tt0069112,0060878827
Portrait of Jennie,Portrait of Jennie,tt0040705,0449212963
Pożegnania,Farewells,tt0052083,1590511263
Pride and Prejudice,Bride and Prejudice,tt0361411,080185668X
The Prince and the Pauper,Raja Aur Runk,tt0214037,185715018X
The Prince and the Pauper,Trading Places,tt0086465,185715018X
The Prince and the Pauper,The Prince and the Surfer,tt0173052,185715018X
The Prince and the Pauper,The Pooch and the Pauper,tt0170429,185715018X
The Prince of Tides,The Prince of Tides,tt0102713,0439443369
The Princess Diaries,The Princess Diaries 2: Royal Engagement,tt0368933,0140131965
A Princess of Mars,Princess of Mars,tt1531911,0140274235
Promise at Dawn,Promise at Dawn,tt0066251,1900826240
Psycho,Psycho III,tt0091799,0595272096
Psycho,Psycho IV: The Beginning,tt0102724,0595272096
The Puppet Masters,The Brain Eaters,tt0051432,078685149X
The Queen of the Damned,Queen of the Damned,tt0238546,0140131965
Quentin Durward,The Adventures of Quentin Durward,tt0048528,1841811106
Raiders of Spanish Peaks,The Arizona Raiders,tt0027308,1400043662
The Rainbird Pattern,Family Plot,tt0074512,078685149X
Raise the Titanic!,Raise the Titanic,tt0081400,089658321X
Random Hearts,Random Hearts,tt0156934,0345461622
The Rebel Outlaw: Josey Wales,The Outlaw Josey Wales,tt0075029,0393963322
Red Hugh: Prince of Donegal,The Fighting Prince of Donegal,tt0060408,0373273495
The Redhead from Sun Dog,The Red Rider,tt0025706,0786855010
The Reincarnation of Peter Proud,The Reincarnation of Peter Proud,tt0073615,0394729641
Rendezvous in Black,Seven Blood-Stained Orchids,tt0067696,0812971450
The Return of the Condor Heroes,The Brave Archer and His Mate,tt0079899,0786855010
The Return of the Condor Heroes,Little Dragon Maiden,tt0084256,0786855010
Return of the Living Dead,The Return of the Living Dead,tt0089907,1581348096
Return of the Living Dead,Return of the Living Dead Part II,tt0095990,1581348096
Return of the Living Dead,Return of the Living Dead 3,tt0107953,1581348096
Return of the Living Dead,Return of the Living Dead: Necropolis,tt0411805,1581348096
Return of the Living Dead,Return of the Living Dead: Rave to the Grave,tt0411806,1581348096
Return to Paradise,Until They Sail,tt0051141,0142437255
Revolt,Scarlet Dawn,tt0022308,0596007191
Robinson Crusoe,Robinson Crusoe on Mars,tt0058530,0440238404
Rogue Cop,Rogue Cop,tt0047424,0312361785
Rosemary's Baby,Look What's Happened to Rosemary's Baby,tt0074815,0805071067
Rum Punch,Jackie Brown,tt0119396,0452266629
The Runaway Jury,Runaway Jury,tt0313542,078685149X
The Russia House,The Russia House,tt0100530,0439443369
Tarzan,The Romance of Tarzan,tt0009560,0812974921
Tarzan,The Revenge of Tarzan,tt0011624,0812974921
Tarzan,The Adventures of Tarzan,tt0011908,0812974921
Tarzan,Tarzan the Mighty,tt0019447,0812974921
Tarzan,Tarzan the Tiger,tt0020481,0812974921
Tarzan,Tarzan the Fearless,tt0024645,0812974921
Tarzan,Tarzan and His Mate,tt0025862,0812974921
Tarzan,Tarzan Escapes,tt0028345,0812974921
Tarzan,Tarzan Finds a Son!,tt0032007,0812974921
Tarzan,Tarzan's Secret Treasure,tt0034266,0812974921
Tarzan,Tarzan and the Amazons,tt0038151,0812974921
Tarzan,Tarzan and the Leopard Woman,tt0039011,0812974921
Tarzan,Tarzan and the Huntress,tt0039887,0812974921
Tarzan,Tarzan and the Mermaids,tt0040862,0812974921
Tarzan,Tarzan's Magic Fountain,tt0041947,0812974921
Tarzan,Tarzan and the Slave Girl,tt0043025,0812974921
Tarzan,Tarzan's Peril,tt0043695,0812974921
Tarzan,Tarzan's Savage Fury,tt0045220,0812974921
Tarzan,Tarzan and the She-Devil,tt0046404,0812974921
Tarzan,Tarzan's Hidden Jungle,tt0048699,0812974921
Tarzan,Tarzan and the Lost Safari,tt0051057,0812974921
Tarzan,Tarzan and the Trappers,tt0052273,0812974921
Tarzan,Tarzan's Fight for Life,tt0052275,0812974921
Tarzan,Tarzan's Greatest Adventure,tt0053334,0812974921
Tarzan,Tarzan the Magnificent,tt0054368,0812974921
Tarzan,Tarzan Goes to India,tt0056560,0812974921
Tarzan,Tarzan's Three Challenges,tt0057560,0812974921
Tarzan,Tarzan and the Valley of Gold,tt0061067,0812974921
Tarzan,Tarzan and the Great River,tt0062341,0812974921
Tarzan,Tarzan and the Jungle Boy,tt0063673,0812974921
Tarzan,Tarzan's Deadly Silence,tt0066438,0812974921
Tarzan,Tarzan and the Brown Prince,tt0069344,0812974921
Tarzan,Tarzan and the Lost City,tt0120856,0812974921
Tarzan,Tarzan II,tt0437503,0812974921
Ten Against Caesar (a. k. a. Trail's End at 'Dobe Town),Gun Fury,tt0045846,0843104368
Terms of Endearment,Terms of Endearment,tt0086425,1590172280
Texasville,Texasville,tt0103069,0140621628
Theatre,Being Julia,tt0340012,1861974426
These Foolish Things,The Best Exotic Marigold Hotel,tt1412386,0439443369
They Came to Cordura,They Came to Cordura,tt0053351,0852237510
They Do It with Mirrors,Murder Ahoy!,tt0058382,185715018X
They Do It with Mirrors,Murder with Mirrors,tt0089640,185715018X
They Saved London,Battle of the V-1,tt0051402,0786855010
The Thirteenth Guest,The Thirteenth Guest,tt0023583,0515128821
Thieves Like Us,They Live by Night,tt0040872,0439443369
Thomasina: The Cat Who Thought She Was God,The Three Lives of Thomasina,tt0057579,0064407454
Thor,Bad Moon,tt0115610,0852237510
Thunderball,Never Say Never Again,tt0086006,067102082X
Three Godfathers,3 Godfathers,tt0040064,078685149X
The Three Worlds of Johnny Handsome,Johnny Handsome,tt0097626,0515128821
A Tiger Walks,A Tiger Walks,tt0058657,019920361X
To Catch a Thief,To Catch a Thief,tt0048728,185715018X
To Have and Have Not,The Gun Runners,tt0051687,0140436073
The Molly Fountain mini series - To the Devil,To the Devil a Daughter,tt0075334,0066619912
"Toby Tyler; or, Ten Weeks with a Circus",Toby Tyler,tt0054390,0330373579
Le tour du monde en quatre-vingts jours (Around the World in Eighty Days),The Three Stooges Go Around the World in a Daze,tt0057580,074347788X
Le tour du monde en quatre-vingts jours (Around the World in Eighty Days),Tweety's High-Flying Adventure,tt0248575,074347788X
The Track of the Cat,Track of the Cat,tt0047603,1581346085
Treasure Island,L'isola del tesoro,tt0179577,078685149X
Treasure Island,Treasure Planet,tt0133240,078685149X
Treasure Island,Pirates of Treasure Island,tt0811011,078685149X
Trinity's Child,By Dawn's Early Light,tt0099197,0670030791
Les Trois Mousquetaires (The Three Musketeers),Les Trois Mousquetaires,tt0178078,0553213296
Les Trois Mousquetaires (The Three Musketeers),At Sword's Point,tt0044380,0553213296
Les Trois Mousquetaires (The Three Musketeers),The Return of the Musketeers,tt0098194,0553213296
Les Trois Mousquetaires (The Three Musketeers),The Musketeer,tt0246544,0553213296
Les Trois Mousquetaires (The Three Musketeers),La Femme Musketeer,tt0341855,0553213296
Les Trois Mousquetaires (The Three Musketeers),Barbie and the Three Musketeers,tt1484922,0553213296
True Grit,True Grit: A Further Adventure,tt0078422,0743292499
Twilight for the Gods,Twilight for the Gods,tt0052326,0393963322
The Twilight Saga,The Twilight Saga: New Moon,tt1259571,0439443369
The Twilight Saga,The Twilight Saga: Eclipse,tt1325004,0439443369
The Twilight Saga,The Twilight Saga: Breaking Dawn – Part 1,tt1324999,0439443369
The Twilight Saga,The Twilight Saga: Breaking Dawn – Part 2,tt1673434,0439443369
Two-Gun Man,Under a Texas Moon,tt0021503,0446695718
Two-Minute Warning,Two-Minute Warning,tt0075359,0064407314
Two Much!,Two Much,tt0118001,0099474387
The Tunnel of Love,The Tunnel of Love,tt0052325,0852237510
Ugetsu monogatari,Ugetsu,tt0046478,0310210089
The Ugly Dachshund,The Ugly Dachshund,tt0061135,0515122564
Uncle Remus,Song of the South,tt0038969,067121148X
Uncle Remus,The Adventures of Brer Rabbit,tt0493201,067121148X
Undercover Cat,That Darn Cat!,tt00059793,1415918090
Valdez Is Coming,Valdez Is Coming,tt0067921,1594971226
Vampire$,Vampires: Los Muertos,tt0272147,0375724745
Vampire$,Vampires: The Turning,tt0398378,0375724745
The Vanishing American,The Vanishing American,tt0016480,0439443369
Vanity Row,Accused of Murder,tt0048924,1590170431
Vennelalo Adapilla,Beladingala Baale,tt2010915,0373771665
Vengeance,Sword of Gideon,tt0092038,1590172280
Vengeance Valley,Vengeance Valley,tt0044186,0553274910
Vespers in Vienna,The Red Danube,tt0041788,0765311860
The Vicomte of Bragelonne: Ten Years Later (The Vicomte of Bragelonne: Ten Years Later),The Iron Mask,tt0020030,0142003565
Victory,Dangerous Paradise,tt0020810,0312425864
Viper Three,Twilight's Last Gleaming,tt0076845,0434008176
Vingt mille lieues sous les mers (Twenty Thousand Leagues Under the Sea),Captain Nemo and the Underwater City,tt0065522,0618772456
Vingt mille lieues sous les mers (Twenty Thousand Leagues Under the Sea),The Return of Captain Nemo,tt0077156,0618772456
Vingt mille lieues sous les mers (Twenty Thousand Leagues Under the Sea),The Black Hole,tt0078869,0618772456
Vision Quest,Vision Quest,tt0090270,0070488207
The Voice of Bugle Ann,The Voice of Bugle Ann,tt0028471,0852237510
Le Voleur,The Thief of Paris,tt0062457,0060997028
Les Voyages et aventures du capitaine Hatteras (The Adventures of Captain Hatteras),The Conquest of the Pole,tt0002113,1581348134
The Wages of Fear,The Wages of Fear,tt0046268,0439443369
The Wages of Fear,Violent Road,tt0052368,0439443369
The Wailing Asteroid,The Terrornauts,tt0062355,0439443369
A Walk to Remember,A Walk to Remember,tt0281358,0385721919
Waltz into Darkness,Mississippi Mermaid,tt0064990,0439357918
The War of the Worlds,War of the Worlds 2: The Next Wave,tt1183733,0786855037
The Water Hole,The Water Hole,tt0019550,1861974426
The Werewolf of Paris,Legend of the Werewolf,tt0073275,0439443369
The Wet Parade,The Wet Parade,tt0023685,078685149X
When Knighthood Was in Flower,The Sword and the Rose,tt0046387,0786855037
Where Eagles Dare,Where Eagles Dare,tt0065207,0375846735
Where the Boys Are,Where the Boys Are '84,tt0088395,0434008176
White Banners,White Banners,tt0030973,0449001172
White Dog,White Dog,tt0084899,1402725000
White Fang,White Fang to the Rescue,tt0072436,089658321X
White Fang,White Fang and the Hunter,tt0090318,089658321X
White Fang,White Fang 2: Myth of the White Wolf,tt0111701,089658321X
The White Stallions of Vienna,Miracle of the White Stallions,tt0057312,0439443369
White Jazz,White Jazz,tt0892384,0312425864
Who Censored Roger Rabbit?,Who Framed Roger Rabbit,tt0096438,0140231579
Who Lie in Gaol,The Weak and the Wicked,tt0046535,0140231579
Who Rides with Wyatt,Young Billy Young,tt0065230,055358135X
A Widow for One Year,The Door in the Floor,tt0348593,0007165161
The Willing Flesh,Cross of Iron,tt0074695,0439443369
The Wind in the Willows,The Adventures of Ichabod and Mr. Toad,tt0041094,0439443369
Winnie-the-Pooh,The Many Adventures of Winnie the Pooh,tt0076363,0198752725
Winnie-the-Pooh,Pooh's Grand Adventure: The Search for Christopher Robin,tt0119918,0198752725
Winnie-the-Pooh,Piglet's Big Movie,tt0323642,0198752725
Winnie-the-Pooh,Pooh's Heffalump Halloween Movie,tt0457437,0198752725
Winter Meeting,Winter Meeting,tt0040971,0449001172
Winter's Bone,Winter's Bone,tt1399683,0099416158
Witch's Milk,Pete 'n' Tillie,tt0069080,1890447420
with a Perfect Stranger,The Perfect Gift,tt1349640,8466318771
The Woman Chaser,The Woman Chaser,tt0217894,0439443369
The Woman in White,Crimes at the Dark House,tt0032366,0439443369
"Woman, Thou Art Loosed!: Healings the Wounds of the Past",Woman Thou Art Loosed,tt0399901,074347788X
Woman Wanted,Woman Wanted,tt0158369,185715018X
The Wonderful Wizard of Oz,The Fairylogue and Radio-Plays,tt0000679,0786855010
The Wonderful Wizard of Oz,The Magic Cloak of Oz,tt0004286,0786855010
The Wonderful Wizard of Oz,Return to Oz,tt0089908,0786855010
The Wonderful Wizard of Oz,The Wizard of Mars,tt0059920,0786855010
The Wonderful Wizard of Oz,The Wonderful Land of Oz,tt0065223,0786855010
The Wonderful Wizard of Oz,Ayşecik ve Sihirli Cüceler Rüyalar Ülkesinde,tt0066801,0786855010
The Wonderful Wizard of Oz,Journey Back to Oz,tt0067280,0786855010
The Wonderful Wizard of Oz,Lion of Oz,tt0120733,0786855010
The Wonderful Wizard of Oz,The Muppets' Wizard of Oz,tt0422778,0786855010
The Wonderful Wizard of Oz,Tom and Jerry and the Wizard of Oz,tt2027255,0786855010
The Wonderful Wizard of Oz,The Witches of Oz,tt1592287,0786855010
The World of Henry Orient,The World of Henry Orient,tt0058756,0786855037
The Wrong Box,The Wrong Box,tt0061204,0852237510
Yaju no seishun,Youth of the Beast,tt0057697,0140110879
The Year of the Angry Rabbit,Night of the Lepus,tt0069005,0786855010
The Year of the Horse,The Horse in the Gray Flannel Suit,tt0063091,0140131965
Yellowstone Kelly,Yellowstone Kelly,tt0053457,0553562967
Les yeux sans visage (The Eyes Without a Face),Eyes Without a Face,tt0053459,0529123452
Yield to the Night,Yield to the Night,tt0049019,0312426607
You're Best Alone,Guilt Is My Shadow,tt0160336,0140110879
Your Ticket Is No Longer Valid,Your Ticket Is No Longer Valid,tt0080164,8497930975
Young Man of Manhattan,Young Man of Manhattan,tt0021568,0862786029
The Story of Zarak Khan,Zarak,tt0051219,0142437689
Zona Zamfirova,Zona Zamfirova,tt0326449,0449204146
The Accidental Tourist,The Accidental Tourist,tt0094606,078685149X
Adventures of Huckleberry Finn,Huckleberry Finn,tt0011313,0060080833
The Adventures of Pinocchio,The Adventures of Pinocchio,tt0278332,185715018X
The Adventures of Sherlock Holmes,The Adventures of Sherlock Holmes,tt0278332,0066619912
The Adventures of Tom Sawyer,Tom Sawyer,tt0255651,0140131965
Almayer's Folly,Hanyut,tt1823126,0192834673
And Then There Were None,And Then There Were None,tt0072263,0140444572
And Then There Were None,Ten Little Indians,tt0061075,0140444572
Animal Farm,Animal Farm,tt0047834,0140620664
Anna Karenina,Anna Karenina,tt0075476,0300101627
The Antagonists,Masada,tt0081900,0439443369
Appointment with Venus,Appointment with Venus,tt0043293,0099416158
The BFG,The BFG,tt0096866,0066619912
Black Beauty,Black Beauty,tt0011973,0451205146
Le Blé en herbe,Le Blé en herbe,tt0046794,067102082X
The Body Snatchers,Body Snatchers,tt0106452,078685149X
The Bonfire of the Vanities,The Bonfire of the Vanities,tt0099165,0786855037
The Borrowers,The Borrowers,tt0069817,0852237510
Brave New World,Brave New World,tt0080468,0747252130
Breakfast of Champions,Breakfast of Champions,tt0120618,0500281335
The Bridge of San Luis Rey,The Bridge of San Luis Rey,tt0019722,0140110879
Charlotte's Web,Charlotte's Web,tt0070016,1419950584
La comtesse de Cagliostro,Arsène Lupin,tt0006373,030727411X
A Connecticut Yankee in King Arthur's Court,A Connecticut Yankee in King Arthur's Court,tt0006373,0864424655
The Constant Gardener,The Constant Gardener,tt0387131,067102082X
Fantastic Mr Fox,Fantastic Mr. Fox,tt0432283,1855495090
Far from the Madding Crowd,Far from the Madding Crowd,tt0325357,0141187263
The Final Programme,The Final Programme,tt0070289,0066619912
Flowers in the Attic,Flowers in the Attic,tt0093036,0439357918
Force 10 From Navarone,Force 10 from Navarone,tt0077572,0747252130
The Fourth Protocol,The Fourth Protocol,tt0093044,078685149X
Get Shorty,Get Shorty,tt0113161,0862786029
Great Expectations,Great Expectations,tt0008029,078685149X
The Green Years,The Green Years,tt0038578,0140131965
Headhunters,Monte Carlo,tt1067774,0375700234
The Heart of the Matter,The Heart of the Matter,tt0047066,0807210471
The Heaven Sword and Dragon Saber,Heaven Sword and Dragon Sabre,tt0077664,0066619912
Heidi,Heidi,tt0028988,8466318771
The Howling,The Howling,tt0082533,0852237510
The Human Stain,The Human Stain,tt0308383,0807210471
The Hunchback of Notre-Dame (Notre-Dame de Paris () ),The Hunchback of Notre Dame,tt0241776,0807210471
Im Westen Nichts Neues (All Quiet on the Western Front),The Road Back,tt0029491,3791329286
An Imperfect Lover,Cynara,tt0029491,0375701885
The Island of Doctor Moreau,The Island of Dr. Moreau,tt0116654,0786855010
Jude the Obscure,Jude the Obscure,tt0066674,080185668X
The Killer Inside Me,The Killer Inside Me,tt0074746,0807210471
Lady Audley's Secret,Lady Audley's Secret,tt0005594,1931082723
The Lair of the White Worm,The Lair of the White Worm,tt0005594,1861974426
Lassie Come-Home,Lassie,tt0110305,0688149898
Les Liaisons dangereuses (The Dangerous Liaisons),Valmont,tt0098575,0373291779
The Little Drummer Girl,The Little Drummer Girl,tt0087629,0142437689
Lord Jim,Lord Jim,tt0016037,0807062138
The Lords of Discipline,The Lords of Discipline,tt0085867,0439443369
Lost Horizon,Lost Horizon,tt0029162,0517125773
The Mayor of Casterbridge,The Mayor of Casterbridge,tt0333889,0793536693
The Girl with the Dragon Tattoo,The Girl Who Played with Fire,tt1216487,0393963322
A Mother's Gift,Brave New Girl,tt0403118,0743454146
Mrs. Frisby and the Rats of NIMH,The Secret of NIMH,tt0403118,1860469868
The Mystery of Edwin Drood (unfinished),The Mystery of Edwin Drood,tt0107636,0689871317
The Mysterious Island (The Mysterious Island),Mysterious Island,tt0112089,1581346085
The Name of the Rose,The Name of the Rose,tt0091605,1861974426
The Naked and the Dead,The Naked and the Dead,tt0051978,0140436073
The Neverending Story,The NeverEnding Story,tt0088323,0786855010
Nineteen Eighty-Four,Nineteen Eighty-Four,tt0087803,0142403229
Odyssey,The Odyssey,tt0118414,0486406547
The Old Curiosity Shop,The Old Curiosity Shop,tt0338301,0786855010
One Thousand and One Nights,1001 Arabian Nights,tt0052527,081121592X
The Other Boleyn Girl,The Other Boleyn Girl,tt0357392,0066619912
The Other Side of Midnight,The Other Side of Midnight,tt0076507,0679446699
Our Man in Havana,Our Man in Havana,tt0054152,8878193283
Pan Wolodyjowski (Fire in the Steppe),Colonel Wolodyjowski,tt0064785,0375810684
"Peter Pan, or The Boy Who Wouldn't Grow Up",Neverland,tt0349880,0786855037
Poodle Springs,Poodle Springs,tt0145400,0060878827
The Poseidon Adventure,Poseidon,tt0145400,0852237510
Pride and Prejudice,Pride and Prejudice,tt0145400,080185668X
The Prince and the Pauper,A Modern Twain Story: The Prince and the Pauper,tt0874424,185715018X
The Quiet American,The Quiet American,tt0052106,078685149X
Ragtime,Ragtime,tt0082970,0449001172
The Remains of the Day,The Remains of the Day,tt0107943,0439443369
Riders of the Purple Sage,Riders of the Purple Sage,tt0009552,0552150266
Ripley Under Ground,Ripley Under Ground,tt0219171,1841811106
Ripley's Game,Ripley's Game,tt0265651,0831727527
The Road,The Road,tt0898367,0142437255
The Rules of Attraction,The Rules of Attraction,tt0292644,078685149X
Tarzan,The Son of Tarzan,tt0011717,0812974921
The Terminal Man,The Terminal Man,tt0072267,078685149X
The Thirty-Nine Steps,The Thirty Nine Steps,tt0078389,0439443369
The Time Machine,The Time Machine,tt0078389,0439443369
Der Tod in Venedig (Death in Venice),Death in Venice,tt0067445,0143038311
Le tour du monde en quatre-vingts jours (Around the World in Eighty Days),Around the World in Eighty Days,tt0010622,074347788X
Le tour du monde en quatre-vingts jours (Around the World in Eighty Days),Around the World in 80 Days,tt0048960,074347788X
Treasure Island,Treasure Island,tt0009721,078685149X
The Trial,The Trial,tt0108388,0066619912
Les Trois Mousquetaires (The Three Musketeers),The Three Musketeers,tt0240301,0553213296
Walkabout (a.k.a. The Children),Walkabout,tt0067959,1400043662
What Dreams May Come,What Dreams May Come,tt0120889,0500281335
Wide Sargasso Sea,Wide Sargasso Sea,tt0108565,0140274219
The Winter of Our Discontent,The Winter of Our Discontent,tt0086592,1581346085
The Witches of Eastwick,The Witches of Eastwick,tt0094332,0439443369
The Wonderful Wizard of Oz,The Wiz,tt0078504,0786855010
The Wonderful Wizard of Oz,Lost in Oz,tt4677846,0786855010
Zorba the Greek,Zorba the Greek,tt0057831,1400097037
The Accidental Tourist,The Accidental Tourist,tt0094606,078685149X
Adventures of Huckleberry Finn,Huckleberry Finn,tt0011313,0060080833
The Adventures of Pinocchio,The Adventures of Pinocchio,tt0278332,185715018X
The Adventures of Sherlock Holmes,The Adventures of Sherlock Holmes,tt0278332,0066619912
The Adventures of Tom Sawyer,Tom Sawyer,tt0255651,0140131965
Almayer's Folly,Hanyut,tt1823126,0192834673
And Then There Were None,And Then There Were None,tt0072263,0140444572
And Then There Were None,Ten Little Indians,tt0061075,0140444572
Animal Farm,Animal Farm,tt0047834,0140620664
Anna Karenina,Anna Karenina,tt0075476,0300101627
The Antagonists,Masada,tt0081900,0439443369
Appointment with Venus,Appointment with Venus,tt0043293,0099416158
The BFG,The BFG,tt0096866,0066619912
Black Beauty,Black Beauty,tt0011973,0451205146
Le Blé en herbe,Le Blé en herbe,tt0046794,067102082X
The Body Snatchers,Body Snatchers,tt0106452,078685149X
The Bonfire of the Vanities,The Bonfire of the Vanities,tt0099165,0786855037
The Borrowers,The Borrowers,tt0069817,0852237510
Brave New World,Brave New World,tt0080468,0747252130
Breakfast of Champions,Breakfast of Champions,tt0120618,0500281335
The Bridge of San Luis Rey,The Bridge of San Luis Rey,tt0019722,0140110879
Charlotte's Web,Charlotte's Web,tt0070016,1419950584
La comtesse de Cagliostro,Arsène Lupin,tt0006373,030727411X
A Connecticut Yankee in King Arthur's Court,A Connecticut Yankee in King Arthur's Court,tt0006373,0864424655
The Constant Gardener,The Constant Gardener,tt0387131,067102082X
Fantastic Mr Fox,Fantastic Mr. Fox,tt0432283,1855495090
Far from the Madding Crowd,Far from the Madding Crowd,tt0325357,0141187263
The Final Programme,The Final Programme,tt0070289,0066619912
Flowers in the Attic,Flowers in the Attic,tt0093036,0439357918
Force 10 From Navarone,Force 10 from Navarone,tt0077572,0747252130
The Fourth Protocol,The Fourth Protocol,tt0093044,078685149X
Get Shorty,Get Shorty,tt0113161,0862786029
Great Expectations,Great Expectations,tt0008029,078685149X
The Green Years,The Green Years,tt0038578,0140131965
Headhunters,Monte Carlo,tt1067774,0375700234
The Heart of the Matter,The Heart of the Matter,tt0047066,0807210471
The Heaven Sword and Dragon Saber,Heaven Sword and Dragon Sabre,tt0077664,0066619912
Heidi,Heidi,tt0028988,8466318771
The Howling,The Howling,tt0082533,0852237510
The Human Stain,The Human Stain,tt0308383,0807210471
The Hunchback of Notre-Dame (Notre-Dame de Paris () ),The Hunchback of Notre Dame,tt0241776,0807210471
Im Westen Nichts Neues (All Quiet on the Western Front),The Road Back,tt0029491,3791329286
An Imperfect Lover,Cynara,tt0029491,0375701885
The Island of Doctor Moreau,The Island of Dr. Moreau,tt0116654,0786855010
Jude the Obscure,Jude the Obscure,tt0066674,080185668X
The Killer Inside Me,The Killer Inside Me,tt0074746,0807210471
Lady Audley's Secret,Lady Audley's Secret,tt0005594,1931082723
The Lair of the White Worm,The Lair of the White Worm,tt0005594,1861974426
Lassie Come-Home,Lassie,tt0110305,0688149898
Les Liaisons dangereuses (The Dangerous Liaisons),Valmont,tt0098575,0373291779
The Little Drummer Girl,The Little Drummer Girl,tt0087629,0142437689
Lord Jim,Lord Jim,tt0016037,0807062138
The Lords of Discipline,The Lords of Discipline,tt0085867,0439443369
Lost Horizon,Lost Horizon,tt0029162,0517125773
The Mayor of Casterbridge,The Mayor of Casterbridge,tt0333889,0793536693
The Girl with the Dragon Tattoo,The Girl Who Played with Fire,tt1216487,0393963322
A Mother's Gift,Brave New Girl,tt0403118,0743454146
Mrs. Frisby and the Rats of NIMH,The Secret of NIMH,tt0403118,1860469868
The Mystery of Edwin Drood (unfinished),The Mystery of Edwin Drood,tt0107636,0689871317
The Mysterious Island (The Mysterious Island),Mysterious Island,tt0112089,1581346085
The Name of the Rose,The Name of the Rose,tt0091605,1861974426
The Naked and the Dead,The Naked and the Dead,tt0051978,0140436073
The Neverending Story,The NeverEnding Story,tt0088323,0786855010
Nineteen Eighty-Four,Nineteen Eighty-Four,tt0087803,0142403229
Odyssey,The Odyssey,tt0118414,0486406547
The Old Curiosity Shop,The Old Curiosity Shop,tt0338301,0786855010
One Thousand and One Nights,1001 Arabian Nights,tt0052527,081121592X
The Other Boleyn Girl,The Other Boleyn Girl,tt0357392,0066619912
The Other Side of Midnight,The Other Side of Midnight,tt0076507,0679446699
Our Man in Havana,Our Man in Havana,tt0054152,8878193283
Pan Wolodyjowski (Fire in the Steppe),Colonel Wolodyjowski,tt0064785,0375810684
"Peter Pan, or The Boy Who Wouldn't Grow Up",Neverland,tt0349880,0786855037
Poodle Springs,Poodle Springs,tt0145400,0060878827
The Poseidon Adventure,Poseidon,tt0145400,0852237510
Pride and Prejudice,Pride and Prejudice,tt0145400,080185668X
The Prince and the Pauper,A Modern Twain Story: The Prince and the Pauper,tt0874424,185715018X
The Quiet American,The Quiet American,tt0052106,078685149X
Ragtime,Ragtime,tt0082970,0449001172
The Remains of the Day,The Remains of the Day,tt0107943,0439443369
Riders of the Purple Sage,Riders of the Purple Sage,tt0009552,0552150266
Ripley Under Ground,Ripley Under Ground,tt0219171,1841811106
Ripley's Game,Ripley's Game,tt0265651,0831727527
The Road,The Road,tt0898367,0142437255
The Rules of Attraction,The Rules of Attraction,tt0292644,078685149X
Tarzan,The Son of Tarzan,tt0011717,0812974921
The Terminal Man,The Terminal Man,tt0072267,078685149X
The Thirty-Nine Steps,The Thirty Nine Steps,tt0078389,0439443369
The Time Machine,The Time Machine,tt0078389,0439443369
Der Tod in Venedig (Death in Venice),Death in Venice,tt0067445,0143038311
Le tour du monde en quatre-vingts jours (Around the World in Eighty Days),Around the World in Eighty Days,tt0010622,074347788X
Le tour du monde en quatre-vingts jours (Around the World in Eighty Days),Around the World in 80 Days,tt0048960,074347788X
Treasure Island,Treasure Island,tt0009721,078685149X
The Trial,The Trial,tt0108388,0066619912
Les Trois Mousquetaires (The Three Musketeers),The Three Musketeers,tt0240301,0553213296
Walkabout (a.k.a. The Children),Walkabout,tt0067959,1400043662
What Dreams May Come,What Dreams May Come,tt0120889,0500281335
Wide Sargasso Sea,Wide Sargasso Sea,tt0108565,0140274219
The Winter of Our Discontent,The Winter of Our Discontent,tt0086592,1581346085
The Witches of Eastwick,The Witches of Eastwick,tt0094332,0439443369
The Wonderful Wizard of Oz,The Wiz,tt0078504,0786855010
The Wonderful Wizard of Oz,Lost in Oz,tt4677846,0786855010
Zorba the Greek,Zorba the Greek,tt0057831,1400097037
The Accidental Tourist,The Accidental Tourist,tt0094606,078685149X
Adventures of Huckleberry Finn,Huckleberry Finn,tt0011313,0060080833
The Adventures of Pinocchio,The Adventures of Pinocchio,tt0278332,185715018X
The Adventures of Sherlock Holmes,The Adventures of Sherlock Holmes,tt0278332,0066619912
The Adventures of Tom Sawyer,Tom Sawyer,tt0255651,0140131965
Almayer's Folly,Hanyut,tt1823126,0192834673
And Then There Were None,And Then There Were None,tt0072263,0140444572
And Then There Were None,Ten Little Indians,tt0061075,0140444572
Animal Farm,Animal Farm,tt0047834,0140620664
Anna Karenina,Anna Karenina,tt0075476,0300101627
The Antagonists,Masada,tt0081900,0439443369
Appointment with Venus,Appointment with Venus,tt0043293,0099416158
The BFG,The BFG,tt0096866,0066619912
Black Beauty,Black Beauty,tt0011973,0451205146
Le Blé en herbe,Le Blé en herbe,tt0046794,067102082X
The Body Snatchers,Body Snatchers,tt0106452,078685149X
The Bonfire of the Vanities,The Bonfire of the Vanities,tt0099165,0786855037
The Borrowers,The Borrowers,tt0069817,0852237510
Brave New World,Brave New World,tt0080468,0747252130
Breakfast of Champions,Breakfast of Champions,tt0120618,0500281335
The Bridge of San Luis Rey,The Bridge of San Luis Rey,tt0019722,0140110879
Charlotte's Web,Charlotte's Web,tt0070016,1419950584
La comtesse de Cagliostro,Arsène Lupin,tt0006373,030727411X
A Connecticut Yankee in King Arthur's Court,A Connecticut Yankee in King Arthur's Court,tt0006373,0864424655
The Constant Gardener,The Constant Gardener,tt0387131,067102082X
Fantastic Mr Fox,Fantastic Mr. Fox,tt0432283,1855495090
Far from the Madding Crowd,Far from the Madding Crowd,tt0325357,0141187263
The Final Programme,The Final Programme,tt0070289,0066619912
Flowers in the Attic,Flowers in the Attic,tt0093036,0439357918
Force 10 From Navarone,Force 10 from Navarone,tt0077572,0747252130
The Fourth Protocol,The Fourth Protocol,tt0093044,078685149X
Get Shorty,Get Shorty,tt0113161,0862786029
Great Expectations,Great Expectations,tt0008029,078685149X
The Green Years,The Green Years,tt0038578,0140131965
Headhunters,Monte Carlo,tt1067774,0375700234
The Heart of the Matter,The Heart of the Matter,tt0047066,0807210471
The Heaven Sword and Dragon Saber,Heaven Sword and Dragon Sabre,tt0077664,0066619912
Heidi,Heidi,tt0028988,8466318771
The Howling,The Howling,tt0082533,0852237510
The Human Stain,The Human Stain,tt0308383,0807210471
The Hunchback of Notre-Dame (Notre-Dame de Paris () ),The Hunchback of Notre Dame,tt0241776,0807210471
Im Westen Nichts Neues (All Quiet on the Western Front),The Road Back,tt0029491,3791329286
An Imperfect Lover,Cynara,tt0029491,0375701885
The Island of Doctor Moreau,The Island of Dr. Moreau,tt0116654,0786855010
Jude the Obscure,Jude the Obscure,tt0066674,080185668X
The Killer Inside Me,The Killer Inside Me,tt0074746,0807210471
Lady Audley's Secret,Lady Audley's Secret,tt0005594,1931082723
The Lair of the White Worm,The Lair of the White Worm,tt0005594,1861974426
Lassie Come-Home,Lassie,tt0110305,0688149898
Les Liaisons dangereuses (The Dangerous Liaisons),Valmont,tt0098575,0373291779
The Little Drummer Girl,The Little Drummer Girl,tt0087629,0142437689
Lord Jim,Lord Jim,tt0016037,0807062138
The Lords of Discipline,The Lords of Discipline,tt0085867,0439443369
Lost Horizon,Lost Horizon,tt0029162,0517125773
The Mayor of Casterbridge,The Mayor of Casterbridge,tt0333889,0793536693
The Girl with the Dragon Tattoo,The Girl Who Played with Fire,tt1216487,0393963322
A Mother's Gift,Brave New Girl,tt0403118,0743454146
Mrs. Frisby and the Rats of NIMH,The Secret of NIMH,tt0403118,1860469868
The Mystery of Edwin Drood (unfinished),The Mystery of Edwin Drood,tt0107636,0689871317
The Mysterious Island (The Mysterious Island),Mysterious Island,tt0112089,1581346085
The Name of the Rose,The Name of the Rose,tt0091605,1861974426
The Naked and the Dead,The Naked and the Dead,tt0051978,0140436073
The Neverending Story,The NeverEnding Story,tt0088323,0786855010
Nineteen Eighty-Four,Nineteen Eighty-Four,tt0087803,0142403229
Odyssey,The Odyssey,tt0118414,0486406547
The Old Curiosity Shop,The Old Curiosity Shop,tt0338301,0786855010
One Thousand and One Nights,1001 Arabian Nights,tt0052527,081121592X
The Other Boleyn Girl,The Other Boleyn Girl,tt0357392,0066619912
The Other Side of Midnight,The Other Side of Midnight,tt0076507,0679446699
Our Man in Havana,Our Man in Havana,tt0054152,8878193283
Pan Wolodyjowski (Fire in the Steppe),Colonel Wolodyjowski,tt0064785,0375810684
"Peter Pan, or The Boy Who Wouldn't Grow Up",Neverland,tt0349880,0786855037
Poodle Springs,Poodle Springs,tt0145400,0060878827
The Poseidon Adventure,Poseidon,tt0145400,0852237510
Pride and Prejudice,Pride and Prejudice,tt0145400,080185668X
The Prince and the Pauper,A Modern Twain Story: The Prince and the Pauper,tt0874424,185715018X
The Quiet American,The Quiet American,tt0052106,078685149X
Ragtime,Ragtime,tt0082970,0449001172
The Remains of the Day,The Remains of the Day,tt0107943,0439443369
Riders of the Purple Sage,Riders of the Purple Sage,tt0009552,0552150266
Ripley Under Ground,Ripley Under Ground,tt0219171,1841811106
Ripley's Game,Ripley's Game,tt0265651,0831727527
The Road,The Road,tt0898367,0142437255
The Rules of Attraction,The Rules of Attraction,tt0292644,078685149X
Tarzan,The Son of Tarzan,tt0011717,0812974921
The Terminal Man,The Terminal Man,tt0072267,078685149X
The Thirty-Nine Steps,The Thirty Nine Steps,tt0078389,0439443369
The Time Machine,The Time Machine,tt0078389,0439443369
Der Tod in Venedig (Death in Venice),Death in Venice,tt0067445,0143038311
Le tour du monde en quatre-vingts jours (Around the World in Eighty Days),Around the World in Eighty Days,tt0010622,074347788X
Le tour du monde en quatre-vingts jours (Around the World in Eighty Days),Around the World in 80 Days,tt0048960,074347788X
Treasure Island,Treasure Island,tt0009721,078685149X
The Trial,The Trial,tt0108388,0066619912
Les Trois Mousquetaires (The Three Musketeers),The Three Musketeers,tt0240301,0553213296
Walkabout (a.k.a. The Children),Walkabout,tt0067959,1400043662
What Dreams May Come,What Dreams May Come,tt0120889,0500281335
Wide Sargasso Sea,Wide Sargasso Sea,tt0108565,0140274219
The Winter of Our Discontent,The Winter of Our Discontent,tt0086592,1581346085
The Witches of Eastwick,The Witches of Eastwick,tt0094332,0439443369
The Wonderful Wizard of Oz,The Wiz,tt0078504,0786855010
The Wonderful Wizard of Oz,Lost in Oz,tt4677846,0786855010
Zorba the Greek,Zorba the Greek,tt0057831,1400097037
The Accidental Tourist,The Accidental Tourist,tt0094606,078685149X
Adventures of Huckleberry Finn,Huckleberry Finn,tt0011313,0060080833
The Adventures of Pinocchio,The Adventures of Pinocchio,tt0278332,185715018X
The Adventures of Sherlock Holmes,The Adventures of Sherlock Holmes,tt0278332,0066619912
The Adventures of Tom Sawyer,Tom Sawyer,tt0255651,0140131965
Almayer's Folly,Hanyut,tt1823126,0192834673
And Then There Were None,And Then There Were None,tt0072263,0140444572
And Then There Were None,Ten Little Indians,tt0061075,0140444572
Animal Farm,Animal Farm,tt0047834,0140620664
Anna Karenina,Anna Karenina,tt0075476,0300101627
The Antagonists,Masada,tt0081900,0439443369
Appointment with Venus,Appointment with Venus,tt0043293,0099416158
The BFG,The BFG,tt0096866,0066619912
Black Beauty,Black Beauty,tt0011973,0451205146
Le Blé en herbe,Le Blé en herbe,tt0046794,067102082X
The Body Snatchers,Body Snatchers,tt0106452,078685149X
The Bonfire of the Vanities,The Bonfire of the Vanities,tt0099165,0786855037
The Borrowers,The Borrowers,tt0069817,0852237510
Brave New World,Brave New World,tt0080468,0747252130
Breakfast of Champions,Breakfast of Champions,tt0120618,0500281335
The Bridge of San Luis Rey,The Bridge of San Luis Rey,tt0019722,0140110879
Charlotte's Web,Charlotte's Web,tt0070016,1419950584
La comtesse de Cagliostro,Arsène Lupin,tt0006373,030727411X
A Connecticut Yankee in King Arthur's Court,A Connecticut Yankee in King Arthur's Court,tt0006373,0864424655
The Constant Gardener,The Constant Gardener,tt0387131,067102082X
Fantastic Mr Fox,Fantastic Mr. Fox,tt0432283,1855495090
Far from the Madding Crowd,Far from the Madding Crowd,tt0325357,0141187263
The Final Programme,The Final Programme,tt0070289,0066619912
Flowers in the Attic,Flowers in the Attic,tt0093036,0439357918
Force 10 From Navarone,Force 10 from Navarone,tt0077572,0747252130
The Fourth Protocol,The Fourth Protocol,tt0093044,078685149X
Get Shorty,Get Shorty,tt0113161,0862786029
Great Expectations,Great Expectations,tt0008029,078685149X
The Green Years,The Green Years,tt0038578,0140131965
Headhunters,Monte Carlo,tt1067774,0375700234
The Heart of the Matter,The Heart of the Matter,tt0047066,0807210471
The Heaven Sword and Dragon Saber,Heaven Sword and Dragon Sabre,tt0077664,0066619912
Heidi,Heidi,tt0028988,8466318771
The Howling,The Howling,tt0082533,0852237510
The Human Stain,The Human Stain,tt0308383,0807210471
The Hunchback of Notre-Dame (Notre-Dame de Paris () ),The Hunchback of Notre Dame,tt0241776,0807210471
Im Westen Nichts Neues (All Quiet on the Western Front),The Road Back,tt0029491,3791329286
An Imperfect Lover,Cynara,tt0029491,0375701885
The Island of Doctor Moreau,The Island of Dr. Moreau,tt0116654,0786855010
Jude the Obscure,Jude the Obscure,tt0066674,080185668X
The Killer Inside Me,The Killer Inside Me,tt0074746,0807210471
Lady Audley's Secret,Lady Audley's Secret,tt0005594,1931082723
The Lair of the White Worm,The Lair of the White Worm,tt0005594,1861974426
Lassie Come-Home,Lassie,tt0110305,0688149898
Les Liaisons dangereuses (The Dangerous Liaisons),Valmont,tt0098575,0373291779
The Little Drummer Girl,The Little Drummer Girl,tt0087629,0142437689
Lord Jim,Lord Jim,tt0016037,0807062138
The Lords of Discipline,The Lords of Discipline,tt0085867,0439443369
Lost Horizon,Lost Horizon,tt0029162,0517125773
The Mayor of Casterbridge,The Mayor of Casterbridge,tt0333889,0793536693
The Girl with the Dragon Tattoo,The Girl Who Played with Fire,tt1216487,0393963322
A Mother's Gift,Brave New Girl,tt0403118,0743454146
Mrs. Frisby and the Rats of NIMH,The Secret of NIMH,tt0403118,1860469868
The Mystery of Edwin Drood (unfinished),The Mystery of Edwin Drood,tt0107636,0689871317
The Mysterious Island (The Mysterious Island),Mysterious Island,tt0112089,1581346085
The Name of the Rose,The Name of the Rose,tt0091605,1861974426
The Naked and the Dead,The Naked and the Dead,tt0051978,0140436073
The Neverending Story,The NeverEnding Story,tt0088323,0786855010
Nineteen Eighty-Four,Nineteen Eighty-Four,tt0087803,0142403229
Odyssey,The Odyssey,tt0118414,0486406547
The Old Curiosity Shop,The Old Curiosity Shop,tt0338301,0786855010
One Thousand and One Nights,1001 Arabian Nights,tt0052527,081121592X
The Other Boleyn Girl,The Other Boleyn Girl,tt0357392,0066619912
The Other Side of Midnight,The Other Side of Midnight,tt0076507,0679446699
Our Man in Havana,Our Man in Havana,tt0054152,8878193283
Pan Wolodyjowski (Fire in the Steppe),Colonel Wolodyjowski,tt0064785,0375810684
"Peter Pan, or The Boy Who Wouldn't Grow Up",Neverland,tt0349880,0786855037
Poodle Springs,Poodle Springs,tt0145400,0060878827
The Poseidon Adventure,Poseidon,tt0145400,0852237510
Pride and Prejudice,Pride and Prejudice,tt0145400,080185668X
The Prince and the Pauper,A Modern Twain Story: The Prince and the Pauper,tt0874424,185715018X
The Quiet American,The Quiet American,tt0052106,078685149X
Ragtime,Ragtime,tt0082970,0449001172
The Remains of the Day,The Remains of the Day,tt0107943,0439443369
Riders of the Purple Sage,Riders of the Purple Sage,tt0009552,0552150266
Ripley Under Ground,Ripley Under Ground,tt0219171,1841811106
Ripley's Game,Ripley's Game,tt0265651,0831727527
The Road,The Road,tt0898367,0142437255
The Rules of Attraction,The Rules of Attraction,tt0292644,078685149X
Tarzan,The Son of Tarzan,tt0011717,0812974921
The Terminal Man,The Terminal Man,tt0072267,078685149X
The Thirty-Nine Steps,The Thirty Nine Steps,tt0078389,0439443369
The Time Machine,The Time Machine,tt0078389,0439443369
Der Tod in Venedig (Death in Venice),Death in Venice,tt0067445,0143038311
Le tour du monde en quatre-vingts jours (Around the World in Eighty Days),Around the World in Eighty Days,tt0010622,074347788X
Le tour du monde en quatre-vingts jours (Around the World in Eighty Days),Around the World in 80 Days,tt0048960,074347788X
Treasure Island,Treasure Island,tt0009721,078685149X
The Trial,The Trial,tt0108388,0066619912
Les Trois Mousquetaires (The Three Musketeers),The Three Musketeers,tt0240301,0553213296
Walkabout (a.k.a. The Children),Walkabout,tt0067959,1400043662
What Dreams May Come,What Dreams May Come,tt0120889,0500281335
Wide Sargasso Sea,Wide Sargasso Sea,tt0108565,0140274219
The Winter of Our Discontent,The Winter of Our Discontent,tt0086592,1581346085
The Witches of Eastwick,The Witches of Eastwick,tt0094332,0439443369
The Wonderful Wizard of Oz,The Wiz,tt0078504,0786855010
The Wonderful Wizard of Oz,Lost in Oz,tt4677846,0786855010
Zorba the Greek,Zorba the Greek,tt0057831,1400097037
